doc_id,doc_type,split
j_006e59f95dea,jd,train
j_00ef9ec00639,jd,test
j_0193d6265fba,jd,train
j_02017db52d74,jd,train
j_0245fe892d85,jd,train
j_036369c578b7,jd,train
j_04931cdfc189,jd,test
j_04990b697db5,jd,test
j_04a8d7b195df,jd,train
j_04b37d2c7ef9,jd,train
j_052f186481ca,jd,train
j_0541abca43b7,jd,train
j_05d2fddbff2d,jd,test
j_07002c06520d,jd,train
j_071d1e34b42f,jd,train
j_0a159603e30b,jd,test
j_0a8fc1651ecb,jd,test
j_0b5f6162e9ee,jd,test
j_0dac443f04a8,jd,train
j_0e0434bf39bf,jd,train
j_0e1cce58cf15,jd,test
j_0f46c793ecea,jd,test
j_0f945be92011,jd,train
j_10828b50e68f,jd,train
j_10981a4972d5,jd,train
j_1222dee9ee70,jd,train
j_123f4e13458a,jd,train
j_12a4f96051b7,jd,train
j_132f45a33ef6,jd,test
j_1414206494e4,jd,train
j_14534eb6627e,jd,test
j_14f8260f2fc3,jd,train
j_15dc152ace5c,jd,train
j_164174d97995,jd,train
j_16f9c601b139,jd,test
j_1749e716c73a,jd,train
j_17d9c4a276a8,jd,test
j_18106689e541,jd,train
j_18c5b7b4f2cb,jd,test
j_19862c7050d5,jd,train
j_1caa21f4df72,jd,train
j_1caecd93ea30,jd,train
j_1d196a72188e,jd,train
j_1d58d1fb84e2,jd,train
j_1ead20300e4e,jd,train
j_216e0c4982f1,jd,train
j_21c9cdb8602f,jd,train
j_2208e5068f27,jd,train
j_22ee8563f04b,jd,train
j_244f893f44d8,jd,test
j_24d29045e0e1,jd,train
j_25980311aff0,jd,train
j_277575cb9696,jd,train
j_27fe7c522a44,jd,train
j_2a73ea2f3111,jd,train
j_2aca137d8852,jd,test
j_2aff25ebaae5,jd,train
j_2b69a85efa94,jd,train
j_2bf76575012e,jd,train
j_2d6cd1d4b3c1,jd,train
j_2e6454979708,jd,train
j_2e9d93641069,jd,train
j_2fd9a7b8a765,jd,test
j_2fe2cc4a77d9,jd,train
j_3149433013e5,jd,test
j_333acf9301f7,jd,train
j_335d0fdeae0d,jd,train
j_355a795698ed,jd,test
j_3576470e8c51,jd,train
j_362c09973929,jd,test
j_365a7813a56a,jd,train
j_36b6ba470016,jd,train
j_3703c60dc13d,jd,test
j_38613b138942,jd,train
j_38b17ecb8984,jd,train
j_397858a0d25a,jd,test
j_39e00f5c7e1f,jd,train
j_39e6a4ffe7ea,jd,test
j_3a0afc7a6aad,jd,train
j_3a3fb870fb16,jd,test
j_3acb4cc033cc,jd,train
j_3b6f74806cb4,jd,test
j_40767a108709,jd,train
j_409d57594830,jd,test
j_416599b4fe47,jd,train
j_41b932ed37c4,jd,test
j_41c7b3550d19,jd,train
j_42d3ce3b12f0,jd,train
j_4376463397c6,jd,train
j_459b46957f09,jd,test
j_4620c238de52,jd,train
j_46b8715e9705,jd,train
j_488868b4d9df,jd,train
j_489659b82924,jd,test
j_49d6b130c199,jd,train
j_4b8e56663876,jd,train
j_4bcf35a89cde,jd,test
j_4c7a79779782,jd,test
j_4c9909fc55f8,jd,train
j_4e6d8d7bba14,jd,train
j_503dc2118a18,jd,train
j_5044fb55df74,jd,train
j_514ae19e2df6,jd,train
j_52d7f963d282,jd,train
j_532b478c13c1,jd,train
j_535d3203fff1,jd,train
j_53f27e4b9117,jd,test
j_5489da738488,jd,train
j_54d835400e0f,jd,test
j_5602e64d3500,jd,train
j_56c6c2633cd9,jd,train
j_571020a0af76,jd,train
j_58d45199675c,jd,train
j_5955537b14b0,jd,train
j_5a26b60308b7,jd,train
j_5a6ff054a237,jd,train
j_5bad21bff85d,jd,test
j_5bb70eae53af,jd,train
j_5bcbbaff8d81,jd,train
j_5bed3489c6fb,jd,test
j_5de25d878ea2,jd,test
j_5de63f5132aa,jd,train
j_5ed9e53bffb5,jd,test
j_5f893d618242,jd,test
j_5fdf7d382e67,jd,test
j_601b1be28694,jd,test
j_6057b152b402,jd,test
j_6073c804c2b4,jd,test
j_60e42d6d0ccd,jd,train
j_654c6710b9c6,jd,test
j_663882397c9d,jd,train
j_66ad408c2404,jd,train
j_670639aba1de,jd,train
j_68711008fa3c,jd,train
j_691a28780535,jd,train
j_698e31e33040,jd,train
j_69afccb33a89,jd,train
j_6b6500737dee,jd,train
j_6b789135b408,jd,train
j_6ba2f3608635,jd,train
j_6edf0f915358,jd,train
j_6ef31888b312,jd,train
j_71b2b804ce20,jd,train
j_71bba2e61ca9,jd,train
j_726323a38678,jd,train
j_740ca4165b0b,jd,train
j_743824dea57f,jd,test
j_75e720ec3284,jd,train
j_766c68124dd6,jd,train
j_767494dd86e3,jd,train
j_768c76171d66,jd,train
j_76f31d168185,jd,train
j_7745d1936d3f,jd,test
j_77b05417ae66,jd,train
j_78460e8c1122,jd,test
j_78a32ad707c5,jd,train
j_79ea4a1ca1ec,jd,test
j_79ecc5dd2004,jd,train
j_7ac2822c659f,jd,train
j_7c8c01e05921,jd,train
j_7ce56388f3c8,jd,train
j_7cf2087476fe,jd,test
j_7d2a5099c5e9,jd,train
j_7e13763bbefa,jd,train
j_7e213bd99c7b,jd,train
j_7f1d349d5d14,jd,train
j_7f75acfa330e,jd,train
j_81190ccb8bf2,jd,test
j_81bfd39d8a31,jd,test
j_841bae6ed2de,jd,train
j_84e90c12cadd,jd,train
j_859773ed5b21,jd,train
j_861699f75614,jd,test
j_866252850f31,jd,train
j_87030557677b,jd,train
j_8861ae5bb499,jd,train
j_88e97cced488,jd,test
j_89360c1484d6,jd,train
j_896b31097c90,jd,train
j_8a885fe8daa2,jd,test
j_8bc9de567625,jd,train
j_8c7aa420c873,jd,train
j_8c9e67f3cbe3,jd,test
j_8ca4449bd123,jd,test
j_8d134add6cbb,jd,train
j_8d3918594293,jd,train
j_8d88006f821a,jd,test
j_8e11d6da8108,jd,train
j_8e2f16d04a9d,jd,test
j_8e8203b7f9e7,jd,train
j_8eec52da017e,jd,test
j_8f006e42aecc,jd,train
j_8f38294b2b52,jd,train
j_906f9dc5e55f,jd,train
j_9100d41e9148,jd,train
j_9114d6480e8e,jd,test
j_93007117b383,jd,train
j_9340c03a184c,jd,train
j_937afe8473f3,jd,test
j_9386b47f5f8d,jd,train
j_938b67888f50,jd,train
j_93961d9e1608,jd,test
j_93a601aad549,jd,train
j_94192671c2f7,jd,train
j_9486638e634f,jd,test
j_959223d7a818,jd,test
j_96229719e2cd,jd,test
j_9760bd8603a4,jd,test
j_978d084a319f,jd,test
j_9806dee1c56f,jd,train
j_991a70ead13e,jd,train
j_9957e6209b86,jd,train
j_9974d9ff061f,jd,train
j_9a4a0309d778,jd,train
j_9aa590d4c265,jd,test
j_9c270786e95b,jd,train
j_9cf664e16180,jd,train
j_9f2f568dae75,jd,train
j_9f3196ea1fe2,jd,train
j_9f934abae859,jd,train
j_a1c48bac486d,jd,test
j_a2d139d8d897,jd,train
j_a31e828bd4f3,jd,train
j_a4dae1d0d173,jd,train
j_a87d7563b3f1,jd,test
j_a8d9ddd36196,jd,train
j_a8efe3c321b0,jd,train
j_aaea8d7baaf4,jd,train
j_ab265623439d,jd,test
j_abdeb82e4b82,jd,test
j_abf8d7db5947,jd,train
j_ad3978f72a32,jd,train
j_ad805ae910b9,jd,test
j_ae0c990add1e,jd,train
j_ae7b5d824a4c,jd,train
j_aef08c5a5730,jd,train
j_afad5d1e324c,jd,test
j_afb78b5644c8,jd,train
j_afbdfb1bbfda,jd,train
j_b0d5a31bb54d,jd,train
j_b0d8b3081aa8,jd,train
j_b1f71188eb64,jd,test
j_b35cfefb41dd,jd,test
j_b4459d155af3,jd,test
j_b55ad6b9f278,jd,train
j_b66f59b9f2e1,jd,test
j_b73c5f80d4b3,jd,train
j_b80a523668e2,jd,train
j_b85987227b04,jd,test
j_b8c44d60f216,jd,train
j_bb4a883fb0c6,jd,train
j_bbaccf716f1f,jd,test
j_bc97fb1bdc9d,jd,test
j_bcebbac6d154,jd,train
j_be31aa0871ca,jd,train
j_be82eec6d05b,jd,train
j_bfbfd75b4640,jd,train
j_c027ed210256,jd,train
j_c0385aee2e67,jd,train
j_c05bb5cafcc2,jd,test
j_c1b5972c29d7,jd,train
j_c1e90b763718,jd,train
j_c213983a47b5,jd,train
j_c2a93b92fd54,jd,test
j_c30c747b1d17,jd,train
j_c39e5dfa1a7a,jd,test
j_c3f2f2781744,jd,train
j_c477891fa1fd,jd,test
j_c5122219c3fd,jd,train
j_c553511ec399,jd,train
j_c6cf432a5c66,jd,test
j_c74150f2183e,jd,test
j_c77a3507cb43,jd,test
j_c858e3361167,jd,test
j_c8d5262c9b23,jd,train
j_c9dc8cfb0191,jd,train
j_c9e2ac4f7354,jd,train
j_ca06bcf0c6cb,jd,train
j_caf9c9f02635,jd,train
j_cb31ce8b6d4d,jd,train
j_cb3e618f1f5d,jd,train
j_cc0c180d1093,jd,train
j_cc9773a36afd,jd,test
j_cd8a8a253ea3,jd,train
j_ce700623b696,jd,train
j_cec33c2a5a80,jd,train
j_cf7d981d7ef6,jd,train
j_cfd50fc4e6ed,jd,train
j_d0f4730c7521,jd,train
j_d0f612320973,jd,test
j_d0fab2ddc183,jd,train
j_d152c4ff1b5f,jd,train
j_d18714d537ad,jd,train
j_d270b8206a20,jd,train
j_d2bb4591a1ec,jd,train
j_d324962d8c00,jd,train
j_d48ac2ae8d44,jd,train
j_d4cf3f3d9d40,jd,train
j_d4f9da52a09a,jd,train
j_d532ada0cdc7,jd,train
j_d5a3ab026144,jd,train
j_d5c0e58736c9,jd,train
j_d6ca769b3234,jd,test
j_d83eedf42ed9,jd,train
j_da93115ef7b5,jd,train
j_dac067d87681,jd,train
j_db1793c46788,jd,test
j_dc5ffe9e2a78,jd,train
j_dcba21e4208b,jd,train
j_df7579c9e348,jd,train
j_dfce137b41e3,jd,train
j_e1972dae4fc3,jd,train
j_e2d5f9fd7315,jd,test
j_e34ea848007b,jd,train
j_e3d1c7b5e128,jd,train
j_e40ff3d52b0f,jd,train
j_e527b52d321c,jd,train
j_e5b77aa25e12,jd,test
j_e65520136a87,jd,test
j_e6bc8278eb00,jd,train
j_e76a37f4585f,jd,train
j_e7826f3a0762,jd,train
j_e816d64d3908,jd,train
j_e877c9f7880b,jd,test
j_e966db016484,jd,train
j_e9794840e57d,jd,train
j_ea7a22991386,jd,train
j_ea80a75794b6,jd,train
j_eb0574b6139a,jd,train
j_ef4c6efe5843,jd,test
j_ef72b5240b95,jd,train
j_efdacfd532f9,jd,train
j_f07f280b64c0,jd,train
j_f24119b3bc39,jd,test
j_f4f1a1e6c67d,jd,test
j_f52b4c92d5b8,jd,train
j_f5c598a00d1a,jd,train
j_f5e9f3bdbe1e,jd,test
j_f6315577c9a6,jd,train
j_f66eae84ab93,jd,test
j_f7c711a981d8,jd,train
j_f80734a834f5,jd,test
j_f8bfe62a68d5,jd,train
j_fb33c390178c,jd,train
j_fc6de709764a,jd,test
j_fc792a2b7fe0,jd,test
j_fe4a77f0cc2b,jd,train
j_ff29505ed978,jd,test
j_ff6c2f0f264a,jd,train
j_ffa89bd19748,jd,train
j_ffc7bb687f13,jd,train
r_006c891d237a,resume,train
r_00ff6264e7d2,resume,train
r_012d04c3d199,resume,train
r_013170a77882,resume,test
r_014bd2c5e751,resume,train
r_0177b5cd4500,resume,test
r_022e2db5fa47,resume,train
r_0338855be27a,resume,train
r_037b3f4a7311,resume,train
r_03da04fbb6a0,resume,test
r_03fdbf3c4c95,resume,train
r_0482f4238a17,resume,train
r_04e3a291f57c,resume,test
r_055621976076,resume,train
r_0569507c4948,resume,train
r_068c9237b8dc,resume,train
r_06a5c569223c,resume,train
r_06c4bee1afa2,resume,test
r_076be5fdf896,resume,train
r_077b1e708b79,resume,train
r_0817bbf617c5,resume,test
r_083b6a9364cc,resume,train
r_084e13564d8b,resume,train
r_08b570ea43e9,resume,train
r_08b604489629,resume,test
r_090137ce6efd,resume,train
r_09232541e735,resume,test
r_0956190763b9,resume,train
r_0999c5e9f4ae,resume,test
r_09a354a2dafe,resume,train
r_09b3346f9d77,resume,train
r_0a1f90764c72,resume,train
r_0cc004d30195,resume,train
r_0d09772f5a51,resume,train
r_0d36cfc6c0f4,resume,test
r_0d923303cce4,resume,train
r_0db33e8c23ae,resume,train
r_0de6e54654f2,resume,train
r_0e0d3e1a8759,resume,train
r_0ed1be1aae4a,resume,test
r_0ee29a8c4e9d,resume,train
r_0ee2e6acc66c,resume,train
r_0ef663e193d8,resume,train
r_0f308ecf2208,resume,test
r_0f52f4b5f185,resume,train
r_0f7a0429f555,resume,train
r_0fcf453384c4,resume,test
r_0fd6f79bcfd7,resume,test
r_1022bf0d0f5b,resume,train
r_105fc6cba1a3,resume,train
r_108b99e90751,resume,train
r_1276b41c553a,resume,train
r_13af6c5b12ae,resume,test
r_141efa3c7b88,resume,train
r_14758e60247b,resume,train
r_1486e59ff040,resume,test
r_1492d7a5d4ae,resume,test
r_14cef54042c5,resume,test
r_156d14692f5a,resume,train
r_157b225b21c5,resume,train
r_159ff9a9a7d3,resume,train
r_1646a5bbdbde,resume,train
r_16a2ef36e79b,resume,train
r_16ff7f7aa8f4,resume,train
r_17574ddcdc4c,resume,test
r_179ba8925b48,resume,train
r_1810e71d8f88,resume,test
r_181dd8f75b52,resume,train
r_18422c64bdc7,resume,train
r_1855c16501ee,resume,train
r_196e3cebc3ea,resume,train
r_1a53504525e8,resume,train
r_1a7641d9a664,resume,test
r_1a8458ce9c3d,resume,train
r_1b398bff755f,resume,train
r_1b4bbdf56f19,resume,train
r_1baa00b1059f,resume,train
r_1cfed8f246c8,resume,train
r_1d66a23142ee,resume,test
r_1dde17642c6e,resume,train
r_1dde32bdd54c,resume,train
r_1e3388d5f4b3,resume,train
r_1e3d5cfe5735,resume,train
r_1ec0a415f929,resume,test
r_1f88e4d57cc0,resume,train
r_1fbc51076c0e,resume,train
r_200371903041,resume,train
r_200ee60419fc,resume,train
r_2036138ac205,resume,train
r_206813cc4e0c,resume,test
r_20a668b8545b,resume,train
r_210cde2154ee,resume,test
r_211f277546ac,resume,train
r_2153792c714a,resume,test
r_21a8fa0150aa,resume,train
r_21da0dc5335c,resume,train
r_23a0d5bc14f2,resume,train
r_23be5dfc82eb,resume,train
r_240f493b61ed,resume,train
r_245a0a9c78fb,resume,train
r_24bc64a25b28,resume,train
r_252bc21f4035,resume,train
r_26081eac0636,resume,test
r_261af1a79412,resume,train
r_262055125169,resume,train
r_26644c3f51ab,resume,train
r_282df938bf67,resume,test
r_28e2478415b6,resume,train
r_2994f4951ca1,resume,test
r_29f6a46c7ec2,resume,test
r_2a472b258b8e,resume,train
r_2a517e3607e9,resume,train
r_2a5369a671a1,resume,train
r_2a58ebc46ba5,resume,test
r_2a6f2da57180,resume,test
r_2aaf882fd69d,resume,train
r_2b6169410a97,resume,train
r_2bb238cc79df,resume,test
r_2c1ffa85f683,resume,train
r_2c3cdcfc3b21,resume,train
r_2c557dff0ba8,resume,train
r_2c62f12d2cc5,resume,train
r_2c901a4716da,resume,train
r_2d73b72babb0,resume,test
r_2d9eb0708cbc,resume,train
r_2e127a709156,resume,train
r_2e889bb9fc3d,resume,train
r_3026ea1f68ef,resume,train
r_30af8cb13d59,resume,train
r_3167cd14544c,resume,train
r_3259cd3b1426,resume,train
r_32bf2b58800b,resume,train
r_330f508f7450,resume,train
r_33f986e9e434,resume,train
r_347dd70670f6,resume,train
r_34d9ca76fa1a,resume,test
r_357053d6ebf1,resume,train
r_35a7d3060bc5,resume,train
r_35f16cc02d1e,resume,train
r_362e895efcdd,resume,test
r_36828f449cbb,resume,train
r_36a391b9fdf6,resume,train
r_36b590a57e2b,resume,train
r_36dbc34eaddb,resume,train
r_36ff2ee44811,resume,test
r_37b06107c23d,resume,train
r_37c0fd1a0859,resume,train
r_37ea406781ef,resume,train
r_37efcbaeda6b,resume,test
r_38f7219f1fb0,resume,train
r_39101c81b1e5,resume,test
r_395325f99dd5,resume,test
r_3ac7aa02c6ab,resume,train
r_3b2bb8ac3d1b,resume,train
r_3ba9fde1181d,resume,train
r_3bb82fec9ad3,resume,test
r_3bea01fafeea,resume,train
r_3c191b7fe1d1,resume,test
r_3d8d0b6b67e0,resume,test
r_3e11bbbda486,resume,test
r_3e54688dd252,resume,test
r_3e706bc3f2ad,resume,test
r_3f0bab328dc9,resume,test
r_3f37a16fe433,resume,test
r_3f6b3df4675f,resume,train
r_3f7c0fb22791,resume,test
r_3f8f7dd4c36d,resume,test
r_412e9144ca2b,resume,train
r_418f94aaa1d2,resume,test
r_4237404a46ae,resume,test
r_425c34270cc2,resume,train
r_425f46eec8ce,resume,train
r_4306b942e8d8,resume,train
r_43533037feee,resume,train
r_43b274de1e82,resume,train
r_43c9a17d71f6,resume,train
r_44fc53b3f8b4,resume,train
r_452068b2629d,resume,train
r_454f14aa6fd4,resume,test
r_45556180d256,resume,test
r_45c899e11275,resume,train
r_460c6558a79b,resume,train
r_461e20deaaeb,resume,train
r_46b6167c0f9d,resume,train
r_49d9f76db16a,resume,test
r_4a71bd75b658,resume,test
r_4a999b935b2c,resume,train
r_4ad55aba0c86,resume,test
r_4b9d07eb8887,resume,train
r_4bf99bf3bdb6,resume,train
r_4c4359ce2c28,resume,test
r_4ce14db3d8ef,resume,train
r_4d6943fc4289,resume,train
r_4e649a3fe597,resume,train
r_4e7617c6f551,resume,test
r_4ec2cf6995f4,resume,train
r_4f4670a5e744,resume,test
r_4f8f48127ce6,resume,train
r_4fbf9cc67045,resume,train
r_4fc0d409ce27,resume,train
r_4fc269ec8b40,resume,train
r_5016e3bc998b,resume,train
r_505926c6cf5f,resume,train
r_520455f03f52,resume,train
r_52111aa98230,resume,train
r_52577e776679,resume,test
r_52936a56ec83,resume,test
r_5351c9fe242e,resume,test
r_53717450f10f,resume,train
r_54415e32a8ad,resume,train
r_54b73fcf2490,resume,train
r_54eba0925df4,resume,train
r_54efc8ed3054,resume,test
r_5539659b113e,resume,train
r_55cc91f62d28,resume,train
r_56a6b7a857b8,resume,train
r_56c72220637e,resume,train
r_5751ca65cc28,resume,test
r_576a62182bc4,resume,test
r_587cbcc60d9b,resume,test
r_595e7102d962,resume,test
r_59d0d434402d,resume,train
r_5a4d24349745,resume,train
r_5a63697cabfe,resume,train
r_5aa001f3d854,resume,train
r_5adc34c7bbc5,resume,train
r_5b1cbf620ec1,resume,train
r_5be7556b8b8a,resume,train
r_5c04e2270625,resume,test
r_5c0bb42ec882,resume,train
r_5cd0655fc2b4,resume,train
r_5cfe60d4546b,resume,train
r_5d03d8de374a,resume,train
r_5d191fbbc72d,resume,test
r_5d22f430254f,resume,train
r_5d677bfdfdac,resume,train
r_5d8d7ad131c5,resume,train
r_5e0b2e5e9cdd,resume,train
r_5e423ebcac9b,resume,test
r_5e9e36863b6b,resume,train
r_5ea3007a25de,resume,test
r_5eabe0d2a219,resume,test
r_5f77fffec9a7,resume,train
r_607a2215b311,resume,test
r_60d5e723d074,resume,test
r_6100b110aea4,resume,train
r_61886cdf604f,resume,train
r_61a0208a2b29,resume,train
r_625df82ec68d,resume,test
r_62cb45d6059b,resume,train
r_635cc7705943,resume,test
r_648b1cfe3d50,resume,train
r_6498a56ea424,resume,train
r_656c0ef6a926,resume,train
r_657b92b17198,resume,train
r_65e1b2ee37e7,resume,train
r_67824745942a,resume,train
r_67a025c27e84,resume,test
r_67f32a0d5f61,resume,train
r_680f73be8434,resume,test
r_6838f0760f91,resume,train
r_69caecac4339,resume,train
r_69e26aa005ab,resume,train
r_6a87d731bc57,resume,test
r_6a943c9c4fc1,resume,train
r_6af74cedf6ca,resume,train
r_6bb9255ef64e,resume,train
r_6bffd376bccf,resume,test
r_6c412b282012,resume,train
r_6d5722550a3d,resume,test
r_6d5eaee2693f,resume,train
r_6d91c253fd46,resume,train
r_6da1ab2d4c9d,resume,train
r_6de8c60312de,resume,test
r_6dfbde34dead,resume,train
r_6e2a896d8335,resume,test
r_6f38d4684cf5,resume,train
r_6fd0eb227f3c,resume,train
r_708f5eca7774,resume,test
r_71db9a07801a,resume,train
r_728f4aaf4542,resume,train
r_72e3ab6f867a,resume,test
r_7377edfe0097,resume,train
r_73bc8e451907,resume,train
r_73e2546ce4a9,resume,train
r_746d544a0c73,resume,train
r_74b180786103,resume,test
r_753d1ea9b0c8,resume,train
r_7558e592ab8e,resume,train
r_7560b9f8c087,resume,train
r_75c7bb72ef72,resume,train
r_7628b39c1d50,resume,train
r_7658f940d073,resume,train
r_76d3fe4be74e,resume,train
r_76ef86b2539e,resume,train
r_76f2dc762aaa,resume,train
r_7832485fe71a,resume,train
r_788b82c48a86,resume,train
r_78a88803aecf,resume,train
r_78bc21cf822e,resume,train
r_78d851cab9f5,resume,train
r_79950ac57fad,resume,train
r_79d5be491f48,resume,train
r_7a11f8e7033e,resume,train
r_7a54fc2e083b,resume,train
r_7a9a61c1ab89,resume,train
r_7aced8699f51,resume,test
r_7b24b4bdb1a2,resume,train
r_7bcd718e5d7d,resume,train
r_7bf58715396b,resume,train
r_7c070b6f1af8,resume,train
r_7c2d21beea4c,resume,train
r_7c56c582807d,resume,train
r_7c57883ca1ba,resume,test
r_7d9919ce0c9e,resume,test
r_7dc0e5d40832,resume,train
r_7e2c49b21f07,resume,train
r_7ed462fb8c85,resume,train
r_7efea26f8667,resume,train
r_7f1c166af2e8,resume,train
r_7f2f648a338a,resume,train
r_7f5b10d93e32,resume,test
r_8034449ae083,resume,test
r_80487c90bc13,resume,train
r_806f020c8943,resume,train
r_80cc37401e93,resume,test
r_80ff5b9d03eb,resume,train
r_814906067e9e,resume,train
r_82728a78ae0a,resume,train
r_82a885a67371,resume,train
r_82d46c8c4da4,resume,test
r_835584b8396c,resume,train
r_8394ec356223,resume,train
r_843e705c8f30,resume,train
r_851e47a21109,resume,train
r_85c293a56702,resume,test
r_85c746baa68c,resume,train
r_86267062942e,resume,train
r_879169e9e38f,resume,train
r_88103968c811,resume,train
r_883b9d1cda7c,resume,train
r_886a8e7c5bb2,resume,train
r_88d8f10c1bf5,resume,test
r_88e23e28fcf6,resume,train
r_8944cdfe955c,resume,train
r_8a2bdadb1f1c,resume,train
r_8a3231c91132,resume,test
r_8a649802bf7e,resume,train
r_8add22a4662f,resume,train
r_8b5b5d5640a6,resume,train
r_8b8c95916925,resume,test
r_8b9e8e9fa8f4,resume,test
r_8bbd1273c909,resume,train
r_8bc405cc3559,resume,train
r_8c412b7493c3,resume,train
r_8c7df93f704d,resume,train
r_8ce250986e54,resume,test
r_8d0812890724,resume,train
r_8d48d872bdf4,resume,train
r_8e030e24c6b9,resume,train
r_8e4dcc05a213,resume,train
r_8e5c477e37f6,resume,train
r_8e92cde338c8,resume,train
r_8ed9409c4cbb,resume,train
r_8edd2822b665,resume,test
r_8ef3e576a91b,resume,test
r_8ef604d5cdcb,resume,train
r_8f35956bfcd2,resume,test
r_8f45ebd4d1ae,resume,train
r_9033389de6ef,resume,test
r_906d3219b141,resume,train
r_9271d2935ee0,resume,train
r_927587d8b2c7,resume,train
r_9480ca0f68cd,resume,train
r_95808a565d3e,resume,train
r_9638c5850ac0,resume,train
r_966f1851220f,resume,train
r_967a5b2a6bd0,resume,test
r_98dd27de7282,resume,train
r_994f22c8ed51,resume,test
r_9a033c9f29fc,resume,test
r_9a1f6ae662f5,resume,test
r_9aff4a04ba0b,resume,test
r_9baa48458ee9,resume,train
r_9d02de97d365,resume,train
r_9d9b9260b301,resume,train
r_9ddad6feab89,resume,test
r_9e4190d30189,resume,train
r_9eeca08501f0,resume,train
r_9f41c250b6f7,resume,test
r_a119f5eb1a7b,resume,train
r_a13a45f1f690,resume,test
r_a13ff1c64a49,resume,train
r_a1670705f7ab,resume,train
r_a180c320c9b6,resume,train
r_a277edc364f0,resume,train
r_a341cc8386e6,resume,test
r_a34ffb1c7481,resume,train
r_a3a7743fbeb0,resume,test
r_a43023065d55,resume,train
r_a4dad8e574a8,resume,test
r_a4f0c14e3afa,resume,train
r_a59a68dd554b,resume,train
r_a6ead44fe687,resume,train
r_a79ee88e30ff,resume,test
r_a7ba46bfc48b,resume,test
r_a7e3665c68ef,resume,train
r_a7fbe3fa0a96,resume,train
r_a81a4a5c6579,resume,train
r_a83a688e7969,resume,train
r_a85707bdb7df,resume,train
r_a8ab0b1bd90d,resume,test
r_aa3dbdd1fe76,resume,train
r_aa575a4071fc,resume,train
r_aaaaeb8768b3,resume,train
r_aac8d324923b,resume,train
r_ab0f862fa48c,resume,train
r_ab4150646803,resume,train
r_ab578457cb55,resume,train
r_ab9fe19bbaea,resume,train
r_abc8be6e0343,resume,train
r_ac9eccb5dc98,resume,test
r_acddff32b8e4,resume,train
r_ad47f26d82a2,resume,train
r_ae1dd7bc8e67,resume,test
r_ae2f749e6433,resume,train
r_ae439f769f88,resume,test
r_ae66816132d9,resume,test
r_af3f898ed584,resume,train
r_af6a8343706f,resume,test
r_af8a12337953,resume,train
r_b10784554d05,resume,train
r_b10a76dab916,resume,train
r_b1c2e4742fff,resume,train
r_b1ca421384cb,resume,train
r_b1e47e4eb69d,resume,train
r_b1f4c798aacc,resume,train
r_b2857f676a87,resume,test
r_b2b9095b348d,resume,test
r_b32f3f0bef5f,resume,train
r_b3920cb39a89,resume,train
r_b3ee15aba226,resume,test
r_b44bb806c0b8,resume,test
r_b4758ff3a33d,resume,train
r_b5278263f142,resume,train
r_b52b279882f4,resume,train
r_b5a466773d13,resume,train
r_b5beff88269a,resume,train
r_b5e3ec672e19,resume,test
r_b618985a7feb,resume,train
r_b635334c254b,resume,test
r_b63814d031db,resume,test
r_b675403f0dc8,resume,train
r_b7b2f6dc4566,resume,train
r_b7c64457784f,resume,train
r_b837741a4fcc,resume,train
r_b86d42f94ddc,resume,train
r_b8bec139fc2e,resume,train
r_b8d8462ad90c,resume,train
r_b8fb3e435b8d,resume,train
r_b9af0f148cda,resume,train
r_bb69b1791fee,resume,test
r_bbbcd9316206,resume,train
r_bc05a8adeb94,resume,train
r_bc901422cc37,resume,train
r_bcf49484d7d9,resume,test
r_bd1af2cc13fe,resume,train
r_bd480581dfb2,resume,test
r_bd4e75934963,resume,train
r_bdf7a5c907cf,resume,train
r_be5f868d3848,resume,test
r_bf61525388eb,resume,train
r_bf867b1c1c9a,resume,test
r_bfa601b1c34e,resume,train
r_bfad7ee55d82,resume,train
r_bfeab7c48457,resume,train
r_c032a30b31c3,resume,test
r_c0734c4fb8ea,resume,train
r_c07829e42b4f,resume,train
r_c0f557bc6359,resume,test
r_c12c8d17e1fd,resume,train
r_c1776fb1b10f,resume,test
r_c2c63742c924,resume,test
r_c2c99302b993,resume,train
r_c2f978ec185e,resume,train
r_c405fafcd485,resume,train
r_c43edc4ad930,resume,test
r_c48ba930a165,resume,train
r_c4b702614bdc,resume,train
r_c602157b6258,resume,test
r_c63355b2c3d8,resume,train
r_c6fe667ad210,resume,test
r_c7b7dff879fe,resume,train
r_c828235b861b,resume,train
r_c8458199d764,resume,train
r_c84a827baf9e,resume,test
r_c90d6d2bef24,resume,test
r_c9f3b24e69d9,resume,train
r_ca7ba98f2447,resume,test
r_cbf29bfbda3d,resume,test
r_cc2ff9595d70,resume,train
r_cc4774d53041,resume,train
r_cc53adec952f,resume,train
r_cce214d00c9d,resume,test
r_cd131393a131,resume,train
r_cde70dabfb9e,resume,test
r_ce9ae051227f,resume,test
r_cfef6a354732,resume,test
r_d0098d9d4a07,resume,train
r_d041e942cb4e,resume,test
r_d04d2195b775,resume,train
r_d0a9a235028a,resume,test
r_d0b5afa11470,resume,test
r_d0c4c839a296,resume,test
r_d157d1698e99,resume,test
r_d2b6f9dfc6da,resume,train
r_d32dafb55018,resume,train
r_d35e96ab9e66,resume,train
r_d37f677200cf,resume,train
r_d3d9ad176594,resume,train
r_d3f3e370fe4b,resume,test
r_d4231a28f017,resume,test
r_d425e2f3cb22,resume,train
r_d53f7c3a5d5b,resume,train
r_d56273a7ad2c,resume,train
r_d5d562761dbf,resume,train
r_d5dcf6a8f5ac,resume,train
r_d5e02e50a59e,resume,train
r_d688c10242fb,resume,test
r_d6b6731dab1d,resume,train
r_d6f46e117890,resume,test
r_d756f07c8d61,resume,train
r_d76a191a08bf,resume,train
r_d79fff5dd192,resume,train
r_d8349e361a98,resume,train
r_d84710703ba9,resume,train
r_d93b1105305c,resume,train
r_d94fd418598e,resume,train
r_d956ba1d8a5f,resume,train
r_d95d7900ee64,resume,train
r_da0f7f28cff6,resume,test
r_da1e008cd99a,resume,train
r_da605f51187a,resume,train
r_daa81f122fe1,resume,train
r_dac0950a7a80,resume,train
r_dac2dc1d1495,resume,train
r_dac5ab94d781,resume,train
r_db39cefb0359,resume,train
r_dc500db3d499,resume,test
r_dd7e88af9823,resume,train
r_de330ec0b46f,resume,test
r_de3c5cd8c34f,resume,test
r_de7fd77e0c05,resume,test
r_de838389f6f7,resume,train
r_debcf2de8b0d,resume,test
r_decffea58898,resume,train
r_e0237447bf5f,resume,train
r_e0342ed2ed65,resume,train
r_e03c7236d1ea,resume,test
r_e04ef2490f1e,resume,test
r_e060d06ee5ca,resume,train
r_e0c56f976f5c,resume,train
r_e10b6984f065,resume,test
r_e2301f30d79c,resume,test
r_e27ae7d7b86f,resume,train
r_e2f17cb0b728,resume,train
r_e33097f84003,resume,test
r_e371cc58ce25,resume,train
r_e3949d505d3e,resume,train
r_e3edc09036d5,resume,train
r_e50841e99ec4,resume,test
r_e5338d57cada,resume,train
r_e5b671d6d5ea,resume,test
r_e60cafbddc45,resume,train
r_e72f975e1554,resume,test
r_e741e1ca6ee8,resume,test
r_e7f23475c938,resume,train
r_e83a39e4b27d,resume,train
r_e898aba8b9fb,resume,train
r_e9090b7f8163,resume,train
r_e944fdfb2742,resume,test
r_e99e00774b36,resume,train
r_ea18a14d5020,resume,test
r_ea4d6d9d7247,resume,train
r_eaf12e60e101,resume,train
r_eb0c22e624f1,resume,train
r_eb9eca2ddc68,resume,test
r_ec135014b984,resume,train
r_ed65e5c04bcc,resume,train
r_ed9ffe75ab7e,resume,train
r_edb1666e4591,resume,train
r_eddedccf0117,resume,test
r_edfa6fa93b69,resume,train
r_edfc6cdf6f1d,resume,train
r_ef3e29fb1aa2,resume,train
r_ef410d2e138e,resume,train
r_ef793b3724ef,resume,train
r_efd3000203d1,resume,train
r_f0410ea9aebb,resume,test
r_f075cb0e5535,resume,train
r_f0dfd3e1a7e6,resume,train
r_f10068154272,resume,train
r_f1fc6bafccae,resume,test
r_f204a9d59bf4,resume,test
r_f24f344f3e7b,resume,train
r_f2b934c29e58,resume,train
r_f2dbe371cddf,resume,train
r_f2f05fa11f47,resume,train
r_f34bc087b41d,resume,test
r_f372bad6c8e9,resume,train
r_f3d7279c8c99,resume,train
r_f43b43974c08,resume,train
r_f4656e5083b0,resume,train
r_f4c1f212169f,resume,test
r_f4cd74c18cf1,resume,train
r_f52b6f7e466c,resume,test
r_f5341441b228,resume,train
r_f5993168b903,resume,test
r_f59da0b3b28a,resume,test
r_f5f40b0a9a89,resume,test
r_f60046091dc1,resume,train
r_f61e29872692,resume,train
r_f7d676016a16,resume,train
r_f8259562db30,resume,train
r_f8c650168f9d,resume,train
r_f8f9a3b06106,resume,train
r_f9025305b3e3,resume,train
r_f9a3a73b5f42,resume,train
r_f9a519895bb4,resume,train
r_f9edf8034fa2,resume,train
r_fa1cd912aa5e,resume,test
r_fa5d5b4731f8,resume,test
r_facb6416ebf6,resume,train
r_fb5175035cfa,resume,train
r_fbb339a090bb,resume,train
r_fbeee6d43d5d,resume,test
r_fc03fc76cf6e,resume,train
r_fc38879ecf80,resume,test
r_fc8da502fc8e,resume,train
r_fd93885e7f51,resume,test
r_fe96d840dc4d,resume,train
r_ff30c02a4101,resume,train
r_ffbc681101ba,resume,test
