pair_id,batch,jd_id,cv_id,primary_keyword,exp_band,cv_primary_keyword,lexical_band,lexical_score
02755e26-ca5f-52f4-8998-20f081c14388__2a06a0c9-9c84-53d1-9173-c88edbf3806c,1,02755e26-ca5f-52f4-8998-20f081c14388,2a06a0c9-9c84-53d1-9173-c88edbf3806c,Product Manager,0-1,Flutter,mid,0.048378
02755e26-ca5f-52f4-8998-20f081c14388__4dbff2fd-f905-5a24-a58b-e23607d05a30,1,02755e26-ca5f-52f4-8998-20f081c14388,4dbff2fd-f905-5a24-a58b-e23607d05a30,Product Manager,0-1,QA,high,0.098949
02755e26-ca5f-52f4-8998-20f081c14388__6515db28-689e-5cf0-a442-38f8bbed4c25,1,02755e26-ca5f-52f4-8998-20f081c14388,6515db28-689e-5cf0-a442-38f8bbed4c25,Product Manager,0-1,Product Manager,high,0.09066
02755e26-ca5f-52f4-8998-20f081c14388__6f444346-a4af-56a5-ad63-6e97338e07f0,1,02755e26-ca5f-52f4-8998-20f081c14388,6f444346-a4af-56a5-ad63-6e97338e07f0,Product Manager,0-1,QA,low,0.017191
02755e26-ca5f-52f4-8998-20f081c14388__8e47f8eb-3c28-58c5-9e8a-65fd93524654,1,02755e26-ca5f-52f4-8998-20f081c14388,8e47f8eb-3c28-58c5-9e8a-65fd93524654,Product Manager,0-1,Design,mid,0.049265
02bd6541-1962-51ff-a653-2a3966f2967b__34f8ddc6-0489-51c4-aae7-bda98276b015,1,02bd6541-1962-51ff-a653-2a3966f2967b,34f8ddc6-0489-51c4-aae7-bda98276b015,C++,4-6,QA,low,0.023327
02bd6541-1962-51ff-a653-2a3966f2967b__5123fbe3-d651-5456-8d43-9541015440bc,1,02bd6541-1962-51ff-a653-2a3966f2967b,5123fbe3-d651-5456-8d43-9541015440bc,C++,4-6,Recruiter,high,0.057406
02bd6541-1962-51ff-a653-2a3966f2967b__8379b935-0618-5e23-bc34-00ae12ee3e81,1,02bd6541-1962-51ff-a653-2a3966f2967b,8379b935-0618-5e23-bc34-00ae12ee3e81,C++,4-6,Python,high,0.053789
02bd6541-1962-51ff-a653-2a3966f2967b__cb6923dd-dae1-5e5d-8797-ba233ebe8bb2,1,02bd6541-1962-51ff-a653-2a3966f2967b,cb6923dd-dae1-5e5d-8797-ba233ebe8bb2,C++,4-6,JavaScript,mid,0.044104
02bd6541-1962-51ff-a653-2a3966f2967b__e16d264e-c117-5917-92ec-304c1461c91f,1,02bd6541-1962-51ff-a653-2a3966f2967b,e16d264e-c117-5917-92ec-304c1461c91f,C++,4-6,Project Manager,mid,0.03709
10695039-0baf-5b62-acb0-a4b47eb74385__11e99f67-9a49-5441-9bb8-579beafd5d04,1,10695039-0baf-5b62-acb0-a4b47eb74385,11e99f67-9a49-5441-9bb8-579beafd5d04,QA,2-3,Java,mid,0.056775
10695039-0baf-5b62-acb0-a4b47eb74385__52b5097a-e026-5242-bbfa-64ac4797fd2a,1,10695039-0baf-5b62-acb0-a4b47eb74385,52b5097a-e026-5242-bbfa-64ac4797fd2a,QA,2-3,.NET,high,0.081916
10695039-0baf-5b62-acb0-a4b47eb74385__67f344f4-2cfd-5e18-bb90-ffeaedc6b36c,1,10695039-0baf-5b62-acb0-a4b47eb74385,67f344f4-2cfd-5e18-bb90-ffeaedc6b36c,QA,2-3,Technical Writing,mid,0.060048
10695039-0baf-5b62-acb0-a4b47eb74385__98035654-2115-589d-8dd8-56e512f10681,1,10695039-0baf-5b62-acb0-a4b47eb74385,98035654-2115-589d-8dd8-56e512f10681,QA,2-3,iOS,low,0.014665
10695039-0baf-5b62-acb0-a4b47eb74385__a985eb79-298a-56ab-a9b8-7310f0788f41,1,10695039-0baf-5b62-acb0-a4b47eb74385,a985eb79-298a-56ab-a9b8-7310f0788f41,QA,2-3,QA,high,0.123407
1ddba8c2-2b69-501d-9772-980d7064df84__50d04118-acf9-5f3c-bbd0-b329649b027b,1,1ddba8c2-2b69-501d-9772-980d7064df84,50d04118-acf9-5f3c-bbd0-b329649b027b,Java,4-6,Design,low,0.009145
1ddba8c2-2b69-501d-9772-980d7064df84__9074e8a7-f6b9-5dab-838a-3d91aa6c3020,1,1ddba8c2-2b69-501d-9772-980d7064df84,9074e8a7-f6b9-5dab-838a-3d91aa6c3020,Java,4-6,JavaScript,mid,0.044346
1ddba8c2-2b69-501d-9772-980d7064df84__a244ed75-9bc4-5646-93d6-85d9527c944b,1,1ddba8c2-2b69-501d-9772-980d7064df84,a244ed75-9bc4-5646-93d6-85d9527c944b,Java,4-6,Flutter,mid,0.04579
1ddba8c2-2b69-501d-9772-980d7064df84__edaadd98-10ad-5e69-ae38-7f6d2cf90f74,1,1ddba8c2-2b69-501d-9772-980d7064df84,edaadd98-10ad-5e69-ae38-7f6d2cf90f74,Java,4-6,QA Automation,high,0.059221
1ddba8c2-2b69-501d-9772-980d7064df84__ffac20d8-1ee6-5498-a586-846cfeff3801,1,1ddba8c2-2b69-501d-9772-980d7064df84,ffac20d8-1ee6-5498-a586-846cfeff3801,Java,4-6,.NET,high,0.060274
2280d4cc-5275-5d54-af6f-3d4d2f31ef4d__63d0685c-9904-573e-a88e-6f95cec06dd1,1,2280d4cc-5275-5d54-af6f-3d4d2f31ef4d,63d0685c-9904-573e-a88e-6f95cec06dd1,Sales,0-1,Unity,low,0.021473
2280d4cc-5275-5d54-af6f-3d4d2f31ef4d__69826d27-476f-5ba4-890d-8eae307c6e02,1,2280d4cc-5275-5d54-af6f-3d4d2f31ef4d,69826d27-476f-5ba4-890d-8eae307c6e02,Sales,0-1,Other,mid,0.044837
2280d4cc-5275-5d54-af6f-3d4d2f31ef4d__80e3ec13-8641-5d1d-b19b-bd729b1cc04e,1,2280d4cc-5275-5d54-af6f-3d4d2f31ef4d,80e3ec13-8641-5d1d-b19b-bd729b1cc04e,Sales,0-1,Marketing,mid,0.048075
2280d4cc-5275-5d54-af6f-3d4d2f31ef4d__e4071ad9-b7a0-5002-9fda-5713c3a830ce,1,2280d4cc-5275-5d54-af6f-3d4d2f31ef4d,e4071ad9-b7a0-5002-9fda-5713c3a830ce,Sales,0-1,JavaScript,high,0.058084
2280d4cc-5275-5d54-af6f-3d4d2f31ef4d__e975eafe-1a78-574e-b1b5-3991469bfd5a,1,2280d4cc-5275-5d54-af6f-3d4d2f31ef4d,e975eafe-1a78-574e-b1b5-3991469bfd5a,Sales,0-1,HR,high,0.085706
248c64c0-d130-5e35-920e-41f1cc3c3a37__08d8a29e-8dd8-5cfb-be34-7811297f1b08,1,248c64c0-d130-5e35-920e-41f1cc3c3a37,08d8a29e-8dd8-5cfb-be34-7811297f1b08,Java,2-3,JavaScript,high,0.132533
248c64c0-d130-5e35-920e-41f1cc3c3a37__0ca6a207-4862-5951-a360-feb077c0415b,1,248c64c0-d130-5e35-920e-41f1cc3c3a37,0ca6a207-4862-5951-a360-feb077c0415b,Java,2-3,Other,mid,0.054685
248c64c0-d130-5e35-920e-41f1cc3c3a37__10b9fb5c-0f6d-5e3d-97cb-d51a4e354fa9,1,248c64c0-d130-5e35-920e-41f1cc3c3a37,10b9fb5c-0f6d-5e3d-97cb-d51a4e354fa9,Java,2-3,Other,high,0.08711
248c64c0-d130-5e35-920e-41f1cc3c3a37__8d59f6ef-6cef-5d3b-8656-439859964657,1,248c64c0-d130-5e35-920e-41f1cc3c3a37,8d59f6ef-6cef-5d3b-8656-439859964657,Java,2-3,JavaScript,mid,0.073118
248c64c0-d130-5e35-920e-41f1cc3c3a37__9b8b922b-abf9-5485-a9ef-6dee9141318c,1,248c64c0-d130-5e35-920e-41f1cc3c3a37,9b8b922b-abf9-5485-a9ef-6dee9141318c,Java,2-3,.NET,low,0.038037
327d9a59-14a7-5d2d-8cb0-9d43313bcce2__696f28b9-fd75-527c-bae9-eb6ecfc88a0f,1,327d9a59-14a7-5d2d-8cb0-9d43313bcce2,696f28b9-fd75-527c-bae9-eb6ecfc88a0f,JavaScript,2-3,Design,high,0.107097
327d9a59-14a7-5d2d-8cb0-9d43313bcce2__731b60bb-adad-580b-a996-7f94e6cffad6,1,327d9a59-14a7-5d2d-8cb0-9d43313bcce2,731b60bb-adad-580b-a996-7f94e6cffad6,JavaScript,2-3,Design,mid,0.058079
327d9a59-14a7-5d2d-8cb0-9d43313bcce2__dc4560dd-936b-5378-8ab8-05d63fa78df4,1,327d9a59-14a7-5d2d-8cb0-9d43313bcce2,dc4560dd-936b-5378-8ab8-05d63fa78df4,JavaScript,2-3,Android,low,0.053632
327d9a59-14a7-5d2d-8cb0-9d43313bcce2__e4968205-8baf-5a44-8557-079fc87f0790,1,327d9a59-14a7-5d2d-8cb0-9d43313bcce2,e4968205-8baf-5a44-8557-079fc87f0790,JavaScript,2-3,QA,high,0.090617
327d9a59-14a7-5d2d-8cb0-9d43313bcce2__ea803c85-36fe-5ae0-bda4-72c573746d22,1,327d9a59-14a7-5d2d-8cb0-9d43313bcce2,ea803c85-36fe-5ae0-bda4-72c573746d22,JavaScript,2-3,Java,mid,0.081054
3d8f8a21-edfd-514e-a241-af508efe0956__263a4950-fed1-5924-bfab-034db133ba55,1,3d8f8a21-edfd-514e-a241-af508efe0956,263a4950-fed1-5924-bfab-034db133ba55,Node.js,2-3,JavaScript,high,0.06105
3d8f8a21-edfd-514e-a241-af508efe0956__2f706758-1a02-5ca8-ba0b-98d51b47d716,1,3d8f8a21-edfd-514e-a241-af508efe0956,2f706758-1a02-5ca8-ba0b-98d51b47d716,Node.js,2-3,Other,low,0.01303
3d8f8a21-edfd-514e-a241-af508efe0956__5dabfce6-ca85-51d7-b45f-bc191c2dca9c,1,3d8f8a21-edfd-514e-a241-af508efe0956,5dabfce6-ca85-51d7-b45f-bc191c2dca9c,Node.js,2-3,JavaScript,high,0.058492
3d8f8a21-edfd-514e-a241-af508efe0956__9b466330-7c0f-520e-b0e7-f79747fc9770,1,3d8f8a21-edfd-514e-a241-af508efe0956,9b466330-7c0f-520e-b0e7-f79747fc9770,Node.js,2-3,Project Manager,mid,0.036218
3d8f8a21-edfd-514e-a241-af508efe0956__cf792db5-ea91-550d-b992-9832e1552c19,1,3d8f8a21-edfd-514e-a241-af508efe0956,cf792db5-ea91-550d-b992-9832e1552c19,Node.js,2-3,Artist,mid,0.03737
3e3e8011-aa85-5253-9cd8-1f18df3e6d22__1cbba417-1002-5fde-9d68-7014efb6a684,1,3e3e8011-aa85-5253-9cd8-1f18df3e6d22,1cbba417-1002-5fde-9d68-7014efb6a684,Support,0-1,Golang,mid,0.054242
3e3e8011-aa85-5253-9cd8-1f18df3e6d22__8c39ee77-ba10-549f-9a96-fdc2bb52fd4c,1,3e3e8011-aa85-5253-9cd8-1f18df3e6d22,8c39ee77-ba10-549f-9a96-fdc2bb52fd4c,Support,0-1,Data Science,high,0.060597
3e3e8011-aa85-5253-9cd8-1f18df3e6d22__99be9d50-a5d5-5a03-bea1-6b037e3caa7d,1,3e3e8011-aa85-5253-9cd8-1f18df3e6d22,99be9d50-a5d5-5a03-bea1-6b037e3caa7d,Support,0-1,Sales,mid,0.038546
3e3e8011-aa85-5253-9cd8-1f18df3e6d22__9db2b141-d506-5b25-a449-a2f9c0cbc2f7,1,3e3e8011-aa85-5253-9cd8-1f18df3e6d22,9db2b141-d506-5b25-a449-a2f9c0cbc2f7,Support,0-1,JavaScript,low,0.028601
3e3e8011-aa85-5253-9cd8-1f18df3e6d22__e036150d-98bd-5a22-b315-c613e8f787a2,1,3e3e8011-aa85-5253-9cd8-1f18df3e6d22,e036150d-98bd-5a22-b315-c613e8f787a2,Support,0-1,Sysadmin,high,0.075881
45379506-8be4-5957-9bc0-710c703be223__5bdf94e6-4b57-5efc-9508-7037d70cf52f,1,45379506-8be4-5957-9bc0-710c703be223,5bdf94e6-4b57-5efc-9508-7037d70cf52f,Ruby,4-6,Sales,high,0.082572
45379506-8be4-5957-9bc0-710c703be223__6cbfdbf4-5e38-5e91-aeec-69e6bf7ce393,1,45379506-8be4-5957-9bc0-710c703be223,6cbfdbf4-5e38-5e91-aeec-69e6bf7ce393,Ruby,4-6,QA,mid,0.069074
45379506-8be4-5957-9bc0-710c703be223__9ae300dd-05c0-5bba-9fe8-489688f97d88,1,45379506-8be4-5957-9bc0-710c703be223,9ae300dd-05c0-5bba-9fe8-489688f97d88,Ruby,4-6,QA,mid,0.052958
45379506-8be4-5957-9bc0-710c703be223__aedbe70c-fed5-5cd7-aed2-2f24ac22c78d,1,45379506-8be4-5957-9bc0-710c703be223,aedbe70c-fed5-5cd7-aed2-2f24ac22c78d,Ruby,4-6,Data Engineer,high,0.097025
45379506-8be4-5957-9bc0-710c703be223__e365d9bb-6cbd-5416-b1f1-2d2fdf9503e6,1,45379506-8be4-5957-9bc0-710c703be223,e365d9bb-6cbd-5416-b1f1-2d2fdf9503e6,Ruby,4-6,Design,low,0.037157
55a34dda-6193-53f7-acbe-8a45b16c7cb1__1ac9ae8d-9536-568d-bddd-145b0d4ddf4e,1,55a34dda-6193-53f7-acbe-8a45b16c7cb1,1ac9ae8d-9536-568d-bddd-145b0d4ddf4e,Recruiter,0-1,Android,low,0.015074
55a34dda-6193-53f7-acbe-8a45b16c7cb1__3a13162c-36fa-5c58-b59a-c4087863456d,1,55a34dda-6193-53f7-acbe-8a45b16c7cb1,3a13162c-36fa-5c58-b59a-c4087863456d,Recruiter,0-1,Product Manager,mid,0.040831
55a34dda-6193-53f7-acbe-8a45b16c7cb1__6dafc3aa-68cc-5388-b7a7-eb6d3d1ba329,1,55a34dda-6193-53f7-acbe-8a45b16c7cb1,6dafc3aa-68cc-5388-b7a7-eb6d3d1ba329,Recruiter,0-1,Marketing,high,0.095973
55a34dda-6193-53f7-acbe-8a45b16c7cb1__c921cbde-5d8e-5e69-8579-fd74f514a6a5,1,55a34dda-6193-53f7-acbe-8a45b16c7cb1,c921cbde-5d8e-5e69-8579-fd74f514a6a5,Recruiter,0-1,Artist,high,0.060546
55a34dda-6193-53f7-acbe-8a45b16c7cb1__e2eb84ff-7ce3-5046-b2f6-2112a990f7ba,1,55a34dda-6193-53f7-acbe-8a45b16c7cb1,e2eb84ff-7ce3-5046-b2f6-2112a990f7ba,Recruiter,0-1,Design,mid,0.043202
5bed502b-6e46-5425-b0db-c3eba3539e2d__646ff0c2-cf39-502b-954a-20e36a3174b8,1,5bed502b-6e46-5425-b0db-c3eba3539e2d,646ff0c2-cf39-502b-954a-20e36a3174b8,HR,0-1,PHP,mid,0.032172
5bed502b-6e46-5425-b0db-c3eba3539e2d__75bde58e-d6f5-54c8-83d6-dfa48f32f76a,1,5bed502b-6e46-5425-b0db-c3eba3539e2d,75bde58e-d6f5-54c8-83d6-dfa48f32f76a,HR,0-1,Business Analyst,mid,0.046808
5bed502b-6e46-5425-b0db-c3eba3539e2d__ced911c2-640d-5506-82f3-547b51675f13,1,5bed502b-6e46-5425-b0db-c3eba3539e2d,ced911c2-640d-5506-82f3-547b51675f13,HR,0-1,JavaScript,low,0.013338
5bed502b-6e46-5425-b0db-c3eba3539e2d__e0d2febe-f083-51e4-b289-131c943d1c91,1,5bed502b-6e46-5425-b0db-c3eba3539e2d,e0d2febe-f083-51e4-b289-131c943d1c91,HR,0-1,JavaScript,high,0.081487
5bed502b-6e46-5425-b0db-c3eba3539e2d__ed729fd8-eebb-5c4c-9745-03626a12b240,1,5bed502b-6e46-5425-b0db-c3eba3539e2d,ed729fd8-eebb-5c4c-9745-03626a12b240,HR,0-1,Design,high,0.081413
620a685c-cc52-562e-8940-bf727b3ebdea__0653341a-3acf-5728-acc0-e287b4ccdb02,1,620a685c-cc52-562e-8940-bf727b3ebdea,0653341a-3acf-5728-acc0-e287b4ccdb02,PHP,2-3,QA,high,0.125738
620a685c-cc52-562e-8940-bf727b3ebdea__10f2f749-3372-5614-8486-7757072f46da,1,620a685c-cc52-562e-8940-bf727b3ebdea,10f2f749-3372-5614-8486-7757072f46da,PHP,2-3,.NET,high,0.058895
620a685c-cc52-562e-8940-bf727b3ebdea__52353664-d0eb-50ec-a659-1407f0893340,1,620a685c-cc52-562e-8940-bf727b3ebdea,52353664-d0eb-50ec-a659-1407f0893340,PHP,2-3,JavaScript,mid,0.039833
620a685c-cc52-562e-8940-bf727b3ebdea__92e6a7ee-a3ac-5804-a8bd-acace3c1f860,1,620a685c-cc52-562e-8940-bf727b3ebdea,92e6a7ee-a3ac-5804-a8bd-acace3c1f860,PHP,2-3,QA,mid,0.051624
620a685c-cc52-562e-8940-bf727b3ebdea__e0358a2f-f131-59b2-8cea-9b1d5c2298d8,1,620a685c-cc52-562e-8940-bf727b3ebdea,e0358a2f-f131-59b2-8cea-9b1d5c2298d8,PHP,2-3,JavaScript,low,0.022567
67b4f913-f6dc-56d4-916f-c1d65f88da2f__29cfb938-c1b3-50b2-ad59-77666473e2d9,1,67b4f913-f6dc-56d4-916f-c1d65f88da2f,29cfb938-c1b3-50b2-ad59-77666473e2d9,Sales,2-3,JavaScript,mid,0.034424
67b4f913-f6dc-56d4-916f-c1d65f88da2f__61c3e769-75b8-5a17-96c7-3fef9ccba67a,1,67b4f913-f6dc-56d4-916f-c1d65f88da2f,61c3e769-75b8-5a17-96c7-3fef9ccba67a,Sales,2-3,QA,mid,0.053116
67b4f913-f6dc-56d4-916f-c1d65f88da2f__9941ef3a-3d67-50ca-aeef-9300389b15e1,1,67b4f913-f6dc-56d4-916f-c1d65f88da2f,9941ef3a-3d67-50ca-aeef-9300389b15e1,Sales,2-3,JavaScript,low,0.009646
67b4f913-f6dc-56d4-916f-c1d65f88da2f__b3e899e1-b371-5b9a-9535-bcc79772bbab,1,67b4f913-f6dc-56d4-916f-c1d65f88da2f,b3e899e1-b371-5b9a-9535-bcc79772bbab,Sales,2-3,JavaScript,high,0.07632
67b4f913-f6dc-56d4-916f-c1d65f88da2f__dbb4f5cc-8002-51c4-b30e-4d7696d38901,1,67b4f913-f6dc-56d4-916f-c1d65f88da2f,dbb4f5cc-8002-51c4-b30e-4d7696d38901,Sales,2-3,C++,high,0.117373
6f9507f3-0214-52bf-b77e-9a03163f313d__42b92488-118f-56d9-8252-65871a634007,1,6f9507f3-0214-52bf-b77e-9a03163f313d,42b92488-118f-56d9-8252-65871a634007,Marketing,2-3,Design,high,0.058255
6f9507f3-0214-52bf-b77e-9a03163f313d__c7d85fb9-3c12-5053-988c-af83a5320530,1,6f9507f3-0214-52bf-b77e-9a03163f313d,c7d85fb9-3c12-5053-988c-af83a5320530,Marketing,2-3,Lead,high,0.073522
6f9507f3-0214-52bf-b77e-9a03163f313d__d1b92404-bc45-5dcd-ad12-1cc52fb8101d,1,6f9507f3-0214-52bf-b77e-9a03163f313d,d1b92404-bc45-5dcd-ad12-1cc52fb8101d,Marketing,2-3,C++,low,0.021342
6f9507f3-0214-52bf-b77e-9a03163f313d__e971e6ff-93aa-5beb-bba6-5c9c9487aac9,1,6f9507f3-0214-52bf-b77e-9a03163f313d,e971e6ff-93aa-5beb-bba6-5c9c9487aac9,Marketing,2-3,JavaScript,mid,0.03989
6f9507f3-0214-52bf-b77e-9a03163f313d__f71f974e-e5e7-5026-b1be-6f349415f040,1,6f9507f3-0214-52bf-b77e-9a03163f313d,f71f974e-e5e7-5026-b1be-6f349415f040,Marketing,2-3,JavaScript,mid,0.030457
73d7e567-764e-565f-97b5-88d9155fbcf9__0e0549b5-f204-5f12-a3dd-f786a0478aeb,1,73d7e567-764e-565f-97b5-88d9155fbcf9,0e0549b5-f204-5f12-a3dd-f786a0478aeb,DevOps,0-1,iOS,mid,0.052747
73d7e567-764e-565f-97b5-88d9155fbcf9__479bdd6d-2246-5123-b676-0f408f767bda,1,73d7e567-764e-565f-97b5-88d9155fbcf9,479bdd6d-2246-5123-b676-0f408f767bda,DevOps,0-1,JavaScript,high,0.098383
73d7e567-764e-565f-97b5-88d9155fbcf9__aff6b925-c848-5256-8042-575de5d76043,1,73d7e567-764e-565f-97b5-88d9155fbcf9,aff6b925-c848-5256-8042-575de5d76043,DevOps,0-1,iOS,low,0.025338
73d7e567-764e-565f-97b5-88d9155fbcf9__d7102b1d-9158-5509-8021-bcbf0b3b37b9,1,73d7e567-764e-565f-97b5-88d9155fbcf9,d7102b1d-9158-5509-8021-bcbf0b3b37b9,DevOps,0-1,Project Manager,mid,0.032711
73d7e567-764e-565f-97b5-88d9155fbcf9__fa56857c-83c6-5558-93f8-3a978441389a,1,73d7e567-764e-565f-97b5-88d9155fbcf9,fa56857c-83c6-5558-93f8-3a978441389a,DevOps,0-1,DevOps,high,0.085931
7432aac4-aa4e-5c23-8c20-4f88d4b906d9__05a4dcb7-c598-5d4a-9c17-2127b068ad9f,1,7432aac4-aa4e-5c23-8c20-4f88d4b906d9,05a4dcb7-c598-5d4a-9c17-2127b068ad9f,Java,2-3,Node.js,mid,0.031057
7432aac4-aa4e-5c23-8c20-4f88d4b906d9__4d84b9ed-3a3c-5862-a171-485a0c7dccbf,1,7432aac4-aa4e-5c23-8c20-4f88d4b906d9,4d84b9ed-3a3c-5862-a171-485a0c7dccbf,Java,2-3,Node.js,mid,0.033523
7432aac4-aa4e-5c23-8c20-4f88d4b906d9__5f4ffbc2-4d35-56b5-8a23-b759d92840b9,1,7432aac4-aa4e-5c23-8c20-4f88d4b906d9,5f4ffbc2-4d35-56b5-8a23-b759d92840b9,Java,2-3,Product Manager,low,0.01533
7432aac4-aa4e-5c23-8c20-4f88d4b906d9__8c0affce-9e9a-5a89-84b5-cb66fbb3a440,1,7432aac4-aa4e-5c23-8c20-4f88d4b906d9,8c0affce-9e9a-5a89-84b5-cb66fbb3a440,Java,2-3,Node.js,high,0.062724
7432aac4-aa4e-5c23-8c20-4f88d4b906d9__c99918f3-d0f2-5c1e-8599-57c61a6243ad,1,7432aac4-aa4e-5c23-8c20-4f88d4b906d9,c99918f3-d0f2-5c1e-8599-57c61a6243ad,Java,2-3,SQL,high,0.07599
75439dba-936c-5333-8162-de55fba0a00b__0a9cfff0-0aa8-57d3-81c4-d292bc1550fb,1,75439dba-936c-5333-8162-de55fba0a00b,0a9cfff0-0aa8-57d3-81c4-d292bc1550fb,Other,2-3,JavaScript,mid,0.027432
75439dba-936c-5333-8162-de55fba0a00b__12f66c04-ad2c-5e95-986e-3d769fd0dfb2,1,75439dba-936c-5333-8162-de55fba0a00b,12f66c04-ad2c-5e95-986e-3d769fd0dfb2,Other,2-3,Other,high,0.058166
75439dba-936c-5333-8162-de55fba0a00b__325f4087-349c-5519-9076-bcc398f68f65,1,75439dba-936c-5333-8162-de55fba0a00b,325f4087-349c-5519-9076-bcc398f68f65,Other,2-3,.NET,high,0.049337
75439dba-936c-5333-8162-de55fba0a00b__a8863a11-0964-5d17-9a5d-df3ff08558db,1,75439dba-936c-5333-8162-de55fba0a00b,a8863a11-0964-5d17-9a5d-df3ff08558db,Other,2-3,.NET,mid,0.02694
75439dba-936c-5333-8162-de55fba0a00b__ffc4ed50-1247-59c2-8ca8-23af6fc0f6f1,1,75439dba-936c-5333-8162-de55fba0a00b,ffc4ed50-1247-59c2-8ca8-23af6fc0f6f1,Other,2-3,Design,low,0.018642
803918ca-aaac-5561-a79e-a184083138d9__1d3d91e5-c182-5983-81bc-eb12a2efd5ac,1,803918ca-aaac-5561-a79e-a184083138d9,1d3d91e5-c182-5983-81bc-eb12a2efd5ac,Unity,0-1,Project Manager,mid,0.02292
803918ca-aaac-5561-a79e-a184083138d9__6564ca64-5147-57ee-b4bf-01bac8eedcf7,1,803918ca-aaac-5561-a79e-a184083138d9,6564ca64-5147-57ee-b4bf-01bac8eedcf7,Unity,0-1,Product Manager,high,0.034205
803918ca-aaac-5561-a79e-a184083138d9__67c1658b-ff8b-53a4-af23-98d7ef5fe4fb,1,803918ca-aaac-5561-a79e-a184083138d9,67c1658b-ff8b-53a4-af23-98d7ef5fe4fb,Unity,0-1,Python,low,0.004214
803918ca-aaac-5561-a79e-a184083138d9__7d9ceffa-948e-54cb-a45b-da6d10a53d80,1,803918ca-aaac-5561-a79e-a184083138d9,7d9ceffa-948e-54cb-a45b-da6d10a53d80,Unity,0-1,Java,high,0.062561
803918ca-aaac-5561-a79e-a184083138d9__dc2bba5d-27eb-5cb3-ba89-de90ec512e94,1,803918ca-aaac-5561-a79e-a184083138d9,dc2bba5d-27eb-5cb3-ba89-de90ec512e94,Unity,0-1,.NET,mid,0.020134
829f644c-0d21-5439-9cf7-cc7903d0d905__199f525b-a310-590b-9822-449db2a4b8bd,1,829f644c-0d21-5439-9cf7-cc7903d0d905,199f525b-a310-590b-9822-449db2a4b8bd,Node.js,4-6,QA,high,0.070491
829f644c-0d21-5439-9cf7-cc7903d0d905__49f15c94-23b3-5f43-a496-a6d9d8536700,1,829f644c-0d21-5439-9cf7-cc7903d0d905,49f15c94-23b3-5f43-a496-a6d9d8536700,Node.js,4-6,JavaScript,mid,0.05413
829f644c-0d21-5439-9cf7-cc7903d0d905__66a28cc2-fe8e-516e-836d-375dcb4aa947,1,829f644c-0d21-5439-9cf7-cc7903d0d905,66a28cc2-fe8e-516e-836d-375dcb4aa947,Node.js,4-6,Project Manager,high,0.102181
829f644c-0d21-5439-9cf7-cc7903d0d905__6dce8285-2e45-587c-acab-33a9fcc7cdbd,1,829f644c-0d21-5439-9cf7-cc7903d0d905,6dce8285-2e45-587c-acab-33a9fcc7cdbd,Node.js,4-6,JavaScript,mid,0.047746
829f644c-0d21-5439-9cf7-cc7903d0d905__e4d851f5-5267-583d-8e23-f54b40510980,1,829f644c-0d21-5439-9cf7-cc7903d0d905,e4d851f5-5267-583d-8e23-f54b40510980,Node.js,4-6,Golang,low,0.038904
92b31e86-44b7-5fd4-94b7-e4c2ef2e96ff__3cb31de2-67f4-5375-a71f-571637aaeebb,1,92b31e86-44b7-5fd4-94b7-e4c2ef2e96ff,3cb31de2-67f4-5375-a71f-571637aaeebb,Design,2-3,Java,high,0.078843
92b31e86-44b7-5fd4-94b7-e4c2ef2e96ff__883fc5c4-68f8-5fa0-9846-0b47b7f07ca7,1,92b31e86-44b7-5fd4-94b7-e4c2ef2e96ff,883fc5c4-68f8-5fa0-9846-0b47b7f07ca7,Design,2-3,JavaScript,mid,0.046342
92b31e86-44b7-5fd4-94b7-e4c2ef2e96ff__c52e6d70-0ae8-5d47-9b6a-202483d20fd8,1,92b31e86-44b7-5fd4-94b7-e4c2ef2e96ff,c52e6d70-0ae8-5d47-9b6a-202483d20fd8,Design,2-3,Marketing,mid,0.061123
92b31e86-44b7-5fd4-94b7-e4c2ef2e96ff__c648b0fb-75d1-5f6d-8bd8-ac7d55ca1e96,1,92b31e86-44b7-5fd4-94b7-e4c2ef2e96ff,c648b0fb-75d1-5f6d-8bd8-ac7d55ca1e96,Design,2-3,JavaScript,high,0.088192
92b31e86-44b7-5fd4-94b7-e4c2ef2e96ff__ea529b13-4cf6-5673-b6df-a9b3171440ff,1,92b31e86-44b7-5fd4-94b7-e4c2ef2e96ff,ea529b13-4cf6-5673-b6df-a9b3171440ff,Design,2-3,PHP,low,0.031343
9a6f6cb7-01e4-5dfb-a012-034c2d4a5848__17b7d855-7ef9-53c2-bfc3-afca0bbd5b7c,1,9a6f6cb7-01e4-5dfb-a012-034c2d4a5848,17b7d855-7ef9-53c2-bfc3-afca0bbd5b7c,QA Automation,2-3,Recruiter,high,0.058494
9a6f6cb7-01e4-5dfb-a012-034c2d4a5848__6c112688-c11d-5c91-bf95-772afc150a17,1,9a6f6cb7-01e4-5dfb-a012-034c2d4a5848,6c112688-c11d-5c91-bf95-772afc150a17,QA Automation,2-3,Python,mid,0.046948
9a6f6cb7-01e4-5dfb-a012-034c2d4a5848__6faaa0a5-d955-51c0-a73d-2f36a66144c7,1,9a6f6cb7-01e4-5dfb-a012-034c2d4a5848,6faaa0a5-d955-51c0-a73d-2f36a66144c7,QA Automation,2-3,.NET,high,0.143576
9a6f6cb7-01e4-5dfb-a012-034c2d4a5848__aeeb14df-338a-5bc0-981d-b8076994a94f,1,9a6f6cb7-01e4-5dfb-a012-034c2d4a5848,aeeb14df-338a-5bc0-981d-b8076994a94f,QA Automation,2-3,JavaScript,low,0.029238
9a6f6cb7-01e4-5dfb-a012-034c2d4a5848__bbd60bcf-b48e-5270-9a40-f1417abe0488,1,9a6f6cb7-01e4-5dfb-a012-034c2d4a5848,bbd60bcf-b48e-5270-9a40-f1417abe0488,QA Automation,2-3,.NET,mid,0.030814
9aecf129-a8e0-5ac7-aa4a-37d07532c230__69f861d0-94be-5ade-9c1b-8cd313378e33,1,9aecf129-a8e0-5ac7-aa4a-37d07532c230,69f861d0-94be-5ade-9c1b-8cd313378e33,JavaScript,4-6,Product Manager,high,0.086801
9aecf129-a8e0-5ac7-aa4a-37d07532c230__837e698b-e426-533d-9563-1634ed589f32,1,9aecf129-a8e0-5ac7-aa4a-37d07532c230,837e698b-e426-533d-9563-1634ed589f32,JavaScript,4-6,Sales,mid,0.061142
9aecf129-a8e0-5ac7-aa4a-37d07532c230__b552b15d-411d-58fb-90bd-2a2a7ba4d20f,1,9aecf129-a8e0-5ac7-aa4a-37d07532c230,b552b15d-411d-58fb-90bd-2a2a7ba4d20f,JavaScript,4-6,JavaScript,high,0.1059
9aecf129-a8e0-5ac7-aa4a-37d07532c230__c991396f-8dfa-5a64-99e8-96630c79f41b,1,9aecf129-a8e0-5ac7-aa4a-37d07532c230,c991396f-8dfa-5a64-99e8-96630c79f41b,JavaScript,4-6,DevOps,low,0.014064
9aecf129-a8e0-5ac7-aa4a-37d07532c230__eafb0043-f5e1-5377-94e7-9a7a165f8b93,1,9aecf129-a8e0-5ac7-aa4a-37d07532c230,eafb0043-f5e1-5377-94e7-9a7a165f8b93,JavaScript,4-6,Marketing,mid,0.055365
9f7a57ef-effe-5c33-b783-f13dc2102a98__405f2f29-e334-536e-ac0d-7796cd492bcb,1,9f7a57ef-effe-5c33-b783-f13dc2102a98,405f2f29-e334-536e-ac0d-7796cd492bcb,Java,4-6,Flutter,low,0.034624
9f7a57ef-effe-5c33-b783-f13dc2102a98__40921ee9-02f2-50af-973b-38055037c21e,1,9f7a57ef-effe-5c33-b783-f13dc2102a98,40921ee9-02f2-50af-973b-38055037c21e,Java,4-6,Java,mid,0.06307
9f7a57ef-effe-5c33-b783-f13dc2102a98__efdec147-ece8-5544-b067-29dafa4a45dd,1,9f7a57ef-effe-5c33-b783-f13dc2102a98,efdec147-ece8-5544-b067-29dafa4a45dd,Java,4-6,QA,mid,0.063084
9f7a57ef-effe-5c33-b783-f13dc2102a98__f11b6f7c-9c5e-5ff1-b0b4-464f8701dd08,1,9f7a57ef-effe-5c33-b783-f13dc2102a98,f11b6f7c-9c5e-5ff1-b0b4-464f8701dd08,Java,4-6,QA,high,0.092564
9f7a57ef-effe-5c33-b783-f13dc2102a98__f50fc0fd-f4d2-55d6-80a9-733142baacd8,1,9f7a57ef-effe-5c33-b783-f13dc2102a98,f50fc0fd-f4d2-55d6-80a9-733142baacd8,Java,4-6,QA,high,0.126061
a69919eb-d236-5d70-a6d7-910317f0943b__277d4269-4896-59c4-8303-6c94f5452416,1,a69919eb-d236-5d70-a6d7-910317f0943b,277d4269-4896-59c4-8303-6c94f5452416,Project Manager,4-6,Marketing,mid,0.067137
a69919eb-d236-5d70-a6d7-910317f0943b__8d5562d5-2a4e-5d20-9bc5-11cba31e71da,1,a69919eb-d236-5d70-a6d7-910317f0943b,8d5562d5-2a4e-5d20-9bc5-11cba31e71da,Project Manager,4-6,QA,high,0.073216
a69919eb-d236-5d70-a6d7-910317f0943b__b1a66c22-6b8e-54cf-b620-22d6160ef76f,1,a69919eb-d236-5d70-a6d7-910317f0943b,b1a66c22-6b8e-54cf-b620-22d6160ef76f,Project Manager,4-6,Python,mid,0.049369
a69919eb-d236-5d70-a6d7-910317f0943b__de0a54a0-3694-56fe-85a3-344b59ed0c67,1,a69919eb-d236-5d70-a6d7-910317f0943b,de0a54a0-3694-56fe-85a3-344b59ed0c67,Project Manager,4-6,Project Manager,high,0.10709
a69919eb-d236-5d70-a6d7-910317f0943b__ff2f7d49-525d-5c3c-8294-89783078e322,1,a69919eb-d236-5d70-a6d7-910317f0943b,ff2f7d49-525d-5c3c-8294-89783078e322,Project Manager,4-6,Data Science,low,0.038685
a7b3cc34-fa73-5961-a213-b39f9594f976__1261270e-0cf1-5013-a7b9-b2d58776f2bc,1,a7b3cc34-fa73-5961-a213-b39f9594f976,1261270e-0cf1-5013-a7b9-b2d58776f2bc,Node.js,4-6,Design,low,0.023496
a7b3cc34-fa73-5961-a213-b39f9594f976__363a9d70-cfb4-5ec1-ae3f-c8cd07f0f7cf,1,a7b3cc34-fa73-5961-a213-b39f9594f976,363a9d70-cfb4-5ec1-ae3f-c8cd07f0f7cf,Node.js,4-6,Java,high,0.065195
a7b3cc34-fa73-5961-a213-b39f9594f976__63f0002a-9d0a-5b09-ae15-03f0769b42ad,1,a7b3cc34-fa73-5961-a213-b39f9594f976,63f0002a-9d0a-5b09-ae15-03f0769b42ad,Node.js,4-6,Other,mid,0.054194
a7b3cc34-fa73-5961-a213-b39f9594f976__6e126cd6-d10b-5c3f-9326-3b8ffb475dc6,1,a7b3cc34-fa73-5961-a213-b39f9594f976,6e126cd6-d10b-5c3f-9326-3b8ffb475dc6,Node.js,4-6,Design,high,0.074769
a7b3cc34-fa73-5961-a213-b39f9594f976__b9ee0889-b4d6-53c0-8dac-6c0b80d287be,1,a7b3cc34-fa73-5961-a213-b39f9594f976,b9ee0889-b4d6-53c0-8dac-6c0b80d287be,Node.js,4-6,QA,mid,0.044515
a8bcd1b9-4e33-57a8-badf-d124e2c67cb7__305bf951-648f-5c84-b4df-c2b28025fdf3,1,a8bcd1b9-4e33-57a8-badf-d124e2c67cb7,305bf951-648f-5c84-b4df-c2b28025fdf3,QA,0-1,Project Manager,high,0.099812
a8bcd1b9-4e33-57a8-badf-d124e2c67cb7__995d8e3e-72b0-5a60-a6c9-e7ec621a812e,1,a8bcd1b9-4e33-57a8-badf-d124e2c67cb7,995d8e3e-72b0-5a60-a6c9-e7ec621a812e,QA,0-1,QA,mid,0.050714
a8bcd1b9-4e33-57a8-badf-d124e2c67cb7__c17db509-6643-50e8-bc47-aff39a767826,1,a8bcd1b9-4e33-57a8-badf-d124e2c67cb7,c17db509-6643-50e8-bc47-aff39a767826,QA,0-1,JavaScript,high,0.10305
a8bcd1b9-4e33-57a8-badf-d124e2c67cb7__d9510906-50aa-5f6f-9229-520df96efbd0,1,a8bcd1b9-4e33-57a8-badf-d124e2c67cb7,d9510906-50aa-5f6f-9229-520df96efbd0,QA,0-1,Java,mid,0.049041
a8bcd1b9-4e33-57a8-badf-d124e2c67cb7__f1ba8e1b-6502-5f52-a6a1-32085a7d9bfd,1,a8bcd1b9-4e33-57a8-badf-d124e2c67cb7,f1ba8e1b-6502-5f52-a6a1-32085a7d9bfd,QA,0-1,Python,low,0.043829
c9fef476-de04-594c-b7c7-06cbe0795cd3__1d77b65c-7716-5c19-abda-f23b85712d7f,1,c9fef476-de04-594c-b7c7-06cbe0795cd3,1d77b65c-7716-5c19-abda-f23b85712d7f,JavaScript,4-6,Project Manager,high,0.108026
c9fef476-de04-594c-b7c7-06cbe0795cd3__31ca790d-be41-5c26-a33c-c972cfb2e597,1,c9fef476-de04-594c-b7c7-06cbe0795cd3,31ca790d-be41-5c26-a33c-c972cfb2e597,JavaScript,4-6,HR,low,0.041298
c9fef476-de04-594c-b7c7-06cbe0795cd3__43390f55-fabd-5218-80ff-5110a4d1c201,1,c9fef476-de04-594c-b7c7-06cbe0795cd3,43390f55-fabd-5218-80ff-5110a4d1c201,JavaScript,4-6,Design,mid,0.058571
c9fef476-de04-594c-b7c7-06cbe0795cd3__c046697c-7aef-523f-a652-a9f8ad27c711,1,c9fef476-de04-594c-b7c7-06cbe0795cd3,c046697c-7aef-523f-a652-a9f8ad27c711,JavaScript,4-6,QA,mid,0.047269
c9fef476-de04-594c-b7c7-06cbe0795cd3__e908464d-6556-569e-afee-d4d7d709a847,1,c9fef476-de04-594c-b7c7-06cbe0795cd3,e908464d-6556-569e-afee-d4d7d709a847,JavaScript,4-6,Ruby,high,0.088402
cbf52e0e-e7f7-59a1-9154-6f24e882149e__23f001f8-0ff1-5576-8f0c-fad10df2d2b5,1,cbf52e0e-e7f7-59a1-9154-6f24e882149e,23f001f8-0ff1-5576-8f0c-fad10df2d2b5,Design,0-1,SQL,high,0.064988
cbf52e0e-e7f7-59a1-9154-6f24e882149e__2b4e27b3-0136-5393-9504-b3a89c73d4c3,1,cbf52e0e-e7f7-59a1-9154-6f24e882149e,2b4e27b3-0136-5393-9504-b3a89c73d4c3,Design,0-1,Ruby,mid,0.029681
cbf52e0e-e7f7-59a1-9154-6f24e882149e__dd8efb69-e58b-5986-b770-035e1740af0e,1,cbf52e0e-e7f7-59a1-9154-6f24e882149e,dd8efb69-e58b-5986-b770-035e1740af0e,Design,0-1,Data Analyst,mid,0.031003
cbf52e0e-e7f7-59a1-9154-6f24e882149e__ee8d8a94-a5e5-5b67-bff4-2e29704f9b87,1,cbf52e0e-e7f7-59a1-9154-6f24e882149e,ee8d8a94-a5e5-5b67-bff4-2e29704f9b87,Design,0-1,C++,low,0.024169
cbf52e0e-e7f7-59a1-9154-6f24e882149e__fee05189-a3b8-522e-af8c-e10592dd9359,1,cbf52e0e-e7f7-59a1-9154-6f24e882149e,fee05189-a3b8-522e-af8c-e10592dd9359,Design,0-1,Artist,high,0.068457
cc009ef3-0285-5aba-b81d-d97cbd4d0d3c__05869d62-73f4-53d4-959d-3525bd1ce338,1,cc009ef3-0285-5aba-b81d-d97cbd4d0d3c,05869d62-73f4-53d4-959d-3525bd1ce338,Sales,4-6,JavaScript,low,0.015008
cc009ef3-0285-5aba-b81d-d97cbd4d0d3c__0592fd7f-4134-5def-9e97-534cc75c7d64,1,cc009ef3-0285-5aba-b81d-d97cbd4d0d3c,0592fd7f-4134-5def-9e97-534cc75c7d64,Sales,4-6,Python,mid,0.033931
cc009ef3-0285-5aba-b81d-d97cbd4d0d3c__8fea6b05-a063-54b0-aee8-e75c3caf6757,1,cc009ef3-0285-5aba-b81d-d97cbd4d0d3c,8fea6b05-a063-54b0-aee8-e75c3caf6757,Sales,4-6,Node.js,mid,0.039632
cc009ef3-0285-5aba-b81d-d97cbd4d0d3c__ba2fa432-9188-5a91-a21c-00142224dd3b,1,cc009ef3-0285-5aba-b81d-d97cbd4d0d3c,ba2fa432-9188-5a91-a21c-00142224dd3b,Sales,4-6,Sysadmin,high,0.083224
cc009ef3-0285-5aba-b81d-d97cbd4d0d3c__f083191a-5f1f-5473-a4ea-5fd7fb51d885,1,cc009ef3-0285-5aba-b81d-d97cbd4d0d3c,f083191a-5f1f-5473-a4ea-5fd7fb51d885,Sales,4-6,Ruby,high,0.061976
d0911abf-4b7b-59f0-bcfa-8d6985845eaf__0d431665-b210-58c1-ad4f-52774e983f8d,1,d0911abf-4b7b-59f0-bcfa-8d6985845eaf,0d431665-b210-58c1-ad4f-52774e983f8d,QA,0-1,Project Manager,high,0.110159
d0911abf-4b7b-59f0-bcfa-8d6985845eaf__1d6242ff-d93b-5ddd-988b-9940d96257d4,1,d0911abf-4b7b-59f0-bcfa-8d6985845eaf,1d6242ff-d93b-5ddd-988b-9940d96257d4,QA,0-1,Node.js,low,0.031172
d0911abf-4b7b-59f0-bcfa-8d6985845eaf__250507b0-914a-5262-8a79-5d706158ea85,1,d0911abf-4b7b-59f0-bcfa-8d6985845eaf,250507b0-914a-5262-8a79-5d706158ea85,QA,0-1,JavaScript,mid,0.06878
d0911abf-4b7b-59f0-bcfa-8d6985845eaf__4bfbd54b-8b76-50ef-9e5e-c9fb00a4f15a,1,d0911abf-4b7b-59f0-bcfa-8d6985845eaf,4bfbd54b-8b76-50ef-9e5e-c9fb00a4f15a,QA,0-1,Recruiter,high,0.074231
d0911abf-4b7b-59f0-bcfa-8d6985845eaf__d7e1a1a7-114f-5cd4-91e9-dac2b545d7e6,1,d0911abf-4b7b-59f0-bcfa-8d6985845eaf,d7e1a1a7-114f-5cd4-91e9-dac2b545d7e6,QA,0-1,JavaScript,mid,0.069059
d9540728-db56-557f-bde7-9c78ff0fdef6__06d24c0a-ee7a-580f-a716-4888e8b50f8f,1,d9540728-db56-557f-bde7-9c78ff0fdef6,06d24c0a-ee7a-580f-a716-4888e8b50f8f,Recruiter,0-1,Python,high,0.06438
d9540728-db56-557f-bde7-9c78ff0fdef6__2a6f19e9-0f79-5b30-a7c2-1f475945626d,1,d9540728-db56-557f-bde7-9c78ff0fdef6,2a6f19e9-0f79-5b30-a7c2-1f475945626d,Recruiter,0-1,Java,mid,0.049091
d9540728-db56-557f-bde7-9c78ff0fdef6__82c02e92-6fe5-5edf-9d75-e44f39c0f1e0,1,d9540728-db56-557f-bde7-9c78ff0fdef6,82c02e92-6fe5-5edf-9d75-e44f39c0f1e0,Recruiter,0-1,DevOps,high,0.063566
d9540728-db56-557f-bde7-9c78ff0fdef6__848702c8-1984-5a6b-9520-f223cd3e464a,1,d9540728-db56-557f-bde7-9c78ff0fdef6,848702c8-1984-5a6b-9520-f223cd3e464a,Recruiter,0-1,.NET,mid,0.034556
d9540728-db56-557f-bde7-9c78ff0fdef6__e23e6ca3-609b-5abf-927a-1ea694f5f829,1,d9540728-db56-557f-bde7-9c78ff0fdef6,e23e6ca3-609b-5abf-927a-1ea694f5f829,Recruiter,0-1,QA Automation,low,0.012106
d9cb746d-dcee-569d-85a2-343896ab03e1__54613011-0894-52aa-9dc6-ef6203d7b96b,1,d9cb746d-dcee-569d-85a2-343896ab03e1,54613011-0894-52aa-9dc6-ef6203d7b96b,.NET,0-1,QA,low,0.014653
d9cb746d-dcee-569d-85a2-343896ab03e1__5ce822e7-d747-5831-b90b-b298016fd104,1,d9cb746d-dcee-569d-85a2-343896ab03e1,5ce822e7-d747-5831-b90b-b298016fd104,.NET,0-1,Design,mid,0.044047
d9cb746d-dcee-569d-85a2-343896ab03e1__706d8414-3b15-5f15-9b72-985157e96993,1,d9cb746d-dcee-569d-85a2-343896ab03e1,706d8414-3b15-5f15-9b72-985157e96993,.NET,0-1,Other,high,0.099601
d9cb746d-dcee-569d-85a2-343896ab03e1__7fceb2b1-25d2-53e7-9f40-8511f7be7700,1,d9cb746d-dcee-569d-85a2-343896ab03e1,7fceb2b1-25d2-53e7-9f40-8511f7be7700,.NET,0-1,Python,high,0.064573
d9cb746d-dcee-569d-85a2-343896ab03e1__91b2165e-73e4-5957-9197-38dfa63d2cf9,1,d9cb746d-dcee-569d-85a2-343896ab03e1,91b2165e-73e4-5957-9197-38dfa63d2cf9,.NET,0-1,Design,mid,0.035734
e596dd89-0fd2-571a-82e1-f1e45d4fce3d__43da3913-cf39-5a0c-9845-ae53b94de602,1,e596dd89-0fd2-571a-82e1-f1e45d4fce3d,43da3913-cf39-5a0c-9845-ae53b94de602,Sysadmin,0-1,Project Manager,high,0.073309
e596dd89-0fd2-571a-82e1-f1e45d4fce3d__4883c825-e5dd-5c6b-bcdf-876f459cd0ba,1,e596dd89-0fd2-571a-82e1-f1e45d4fce3d,4883c825-e5dd-5c6b-bcdf-876f459cd0ba,Sysadmin,0-1,QA Automation,mid,0.021974
e596dd89-0fd2-571a-82e1-f1e45d4fce3d__9372f533-d1e3-50af-a818-8a6c8e36399e,1,e596dd89-0fd2-571a-82e1-f1e45d4fce3d,9372f533-d1e3-50af-a818-8a6c8e36399e,Sysadmin,0-1,JavaScript,low,0.014861
e596dd89-0fd2-571a-82e1-f1e45d4fce3d__a95e36de-6854-58b6-b983-ec7a95ea6e96,1,e596dd89-0fd2-571a-82e1-f1e45d4fce3d,a95e36de-6854-58b6-b983-ec7a95ea6e96,Sysadmin,0-1,JavaScript,mid,0.023607
e596dd89-0fd2-571a-82e1-f1e45d4fce3d__c35d4ca3-cdec-55a3-8157-a94e1add4d90,1,e596dd89-0fd2-571a-82e1-f1e45d4fce3d,c35d4ca3-cdec-55a3-8157-a94e1add4d90,Sysadmin,0-1,DevOps,high,0.104322
e80890fc-99cb-5ae4-a5a8-29c01535780e__1f4c7a73-424c-5284-bdfb-dd40acc4197e,1,e80890fc-99cb-5ae4-a5a8-29c01535780e,1f4c7a73-424c-5284-bdfb-dd40acc4197e,Other,2-3,DevOps,high,0.128076
e80890fc-99cb-5ae4-a5a8-29c01535780e__30715695-9534-58c3-98be-fe2123e1a2f1,1,e80890fc-99cb-5ae4-a5a8-29c01535780e,30715695-9534-58c3-98be-fe2123e1a2f1,Other,2-3,JavaScript,mid,0.05348
e80890fc-99cb-5ae4-a5a8-29c01535780e__744908dc-ef00-51ad-b6f5-ee2df521cccc,1,e80890fc-99cb-5ae4-a5a8-29c01535780e,744908dc-ef00-51ad-b6f5-ee2df521cccc,Other,2-3,SQL,low,0.015419
e80890fc-99cb-5ae4-a5a8-29c01535780e__914307fb-1029-58d4-aefc-0a11ecf941b0,1,e80890fc-99cb-5ae4-a5a8-29c01535780e,914307fb-1029-58d4-aefc-0a11ecf941b0,Other,2-3,Android,high,0.067052
e80890fc-99cb-5ae4-a5a8-29c01535780e__d4ed4448-24cb-5b59-90fa-0dd5463ca843,1,e80890fc-99cb-5ae4-a5a8-29c01535780e,d4ed4448-24cb-5b59-90fa-0dd5463ca843,Other,2-3,Lead,mid,0.034538
f1a572cd-75fd-55d0-bc9f-afcbb444f932__047ee4bc-0436-5ba7-9409-23372d4d0367,1,f1a572cd-75fd-55d0-bc9f-afcbb444f932,047ee4bc-0436-5ba7-9409-23372d4d0367,DevOps,2-3,Java,mid,0.05342
f1a572cd-75fd-55d0-bc9f-afcbb444f932__4977ce24-f42f-55e1-b94f-d9cf2a45c96b,1,f1a572cd-75fd-55d0-bc9f-afcbb444f932,4977ce24-f42f-55e1-b94f-d9cf2a45c96b,DevOps,2-3,Support,mid,0.074269
f1a572cd-75fd-55d0-bc9f-afcbb444f932__4a9b233b-2d2d-54c4-a377-2b35981567cb,1,f1a572cd-75fd-55d0-bc9f-afcbb444f932,4a9b233b-2d2d-54c4-a377-2b35981567cb,DevOps,2-3,Android,low,0.039745
f1a572cd-75fd-55d0-bc9f-afcbb444f932__66f53b3d-d4df-59cb-855a-7649a6200aad,1,f1a572cd-75fd-55d0-bc9f-afcbb444f932,66f53b3d-d4df-59cb-855a-7649a6200aad,DevOps,2-3,Project Manager,high,0.086814
f1a572cd-75fd-55d0-bc9f-afcbb444f932__c4317547-ed5e-5996-bde3-4d45c7cdd7e4,1,f1a572cd-75fd-55d0-bc9f-afcbb444f932,c4317547-ed5e-5996-bde3-4d45c7cdd7e4,DevOps,2-3,Sales,high,0.137486
f2410cfc-a3ba-5853-a806-6b91856f3e9e__2ab40c02-d2bc-55a0-8787-bea23bec2124,1,f2410cfc-a3ba-5853-a806-6b91856f3e9e,2ab40c02-d2bc-55a0-8787-bea23bec2124,DevOps,4-6,JavaScript,mid,0.030297
f2410cfc-a3ba-5853-a806-6b91856f3e9e__40fd800a-5b4c-5e52-a8c8-429ddf5680a9,1,f2410cfc-a3ba-5853-a806-6b91856f3e9e,40fd800a-5b4c-5e52-a8c8-429ddf5680a9,DevOps,4-6,Lead,high,0.066503
f2410cfc-a3ba-5853-a806-6b91856f3e9e__79450b5d-59d4-5f17-8241-a252d5d4fd8c,1,f2410cfc-a3ba-5853-a806-6b91856f3e9e,79450b5d-59d4-5f17-8241-a252d5d4fd8c,DevOps,4-6,JavaScript,mid,0.034945
f2410cfc-a3ba-5853-a806-6b91856f3e9e__9cef1fbf-dac9-5e98-9391-2b5cd8f51269,1,f2410cfc-a3ba-5853-a806-6b91856f3e9e,9cef1fbf-dac9-5e98-9391-2b5cd8f51269,DevOps,4-6,JavaScript,high,0.103218
f2410cfc-a3ba-5853-a806-6b91856f3e9e__adec70c4-10ed-57d2-8932-cb3ca9325266,1,f2410cfc-a3ba-5853-a806-6b91856f3e9e,adec70c4-10ed-57d2-8932-cb3ca9325266,DevOps,4-6,Artist,low,0.0
f43e664b-cb4e-5aba-9ca6-5aaf43c6ddcb__108efc32-9853-5501-a815-13638327f36f,1,f43e664b-cb4e-5aba-9ca6-5aaf43c6ddcb,108efc32-9853-5501-a815-13638327f36f,Android,4-6,Python,low,0.019969
f43e664b-cb4e-5aba-9ca6-5aaf43c6ddcb__77cec2c1-8163-5307-b2d6-61cf5f8a6367,1,f43e664b-cb4e-5aba-9ca6-5aaf43c6ddcb,77cec2c1-8163-5307-b2d6-61cf5f8a6367,Android,4-6,DevOps,mid,0.033199
f43e664b-cb4e-5aba-9ca6-5aaf43c6ddcb__882e5bc3-ec70-5557-bc55-50efaa3a3a44,1,f43e664b-cb4e-5aba-9ca6-5aaf43c6ddcb,882e5bc3-ec70-5557-bc55-50efaa3a3a44,Android,4-6,Java,mid,0.033864
f43e664b-cb4e-5aba-9ca6-5aaf43c6ddcb__be597bb2-27aa-51ff-8e92-e15f70fd0a16,1,f43e664b-cb4e-5aba-9ca6-5aaf43c6ddcb,be597bb2-27aa-51ff-8e92-e15f70fd0a16,Android,4-6,JavaScript,high,0.086901
f43e664b-cb4e-5aba-9ca6-5aaf43c6ddcb__bea4e786-d718-57d7-98bb-c0164ce79f32,1,f43e664b-cb4e-5aba-9ca6-5aaf43c6ddcb,bea4e786-d718-57d7-98bb-c0164ce79f32,Android,4-6,Recruiter,high,0.048412
f6b29b6b-1321-5805-90f1-1bfb030205dd__036cc267-e4f9-583b-bfa5-ed59c533be8e,1,f6b29b6b-1321-5805-90f1-1bfb030205dd,036cc267-e4f9-583b-bfa5-ed59c533be8e,Lead,4-6,Sales,high,0.082574
f6b29b6b-1321-5805-90f1-1bfb030205dd__6a214812-6c8e-57cd-b61f-2b4978ac68f3,1,f6b29b6b-1321-5805-90f1-1bfb030205dd,6a214812-6c8e-57cd-b61f-2b4978ac68f3,Lead,4-6,Support,high,0.081978
f6b29b6b-1321-5805-90f1-1bfb030205dd__7294cfbf-21dc-5b55-82ba-9df5d2ddff53,1,f6b29b6b-1321-5805-90f1-1bfb030205dd,7294cfbf-21dc-5b55-82ba-9df5d2ddff53,Lead,4-6,Support,low,0.039656
f6b29b6b-1321-5805-90f1-1bfb030205dd__cb776728-49df-54c3-9948-999fbfad6ad0,1,f6b29b6b-1321-5805-90f1-1bfb030205dd,cb776728-49df-54c3-9948-999fbfad6ad0,Lead,4-6,Recruiter,mid,0.056212
f6b29b6b-1321-5805-90f1-1bfb030205dd__da47d29f-c8f3-58bc-93cb-9a73162b378d,1,f6b29b6b-1321-5805-90f1-1bfb030205dd,da47d29f-c8f3-58bc-93cb-9a73162b378d,Lead,4-6,Node.js,mid,0.059392
f8d4fc59-48dc-5a19-9560-17eb35e992c9__462be7eb-b5ed-5b30-a41d-e7a98f7fb63c,1,f8d4fc59-48dc-5a19-9560-17eb35e992c9,462be7eb-b5ed-5b30-a41d-e7a98f7fb63c,PHP,2-3,Product Manager,mid,0.040338
f8d4fc59-48dc-5a19-9560-17eb35e992c9__71f15b6f-2e34-54a6-8a35-42f017d9c80b,1,f8d4fc59-48dc-5a19-9560-17eb35e992c9,71f15b6f-2e34-54a6-8a35-42f017d9c80b,PHP,2-3,Business Analyst,low,0.025294
f8d4fc59-48dc-5a19-9560-17eb35e992c9__8cdf2807-4729-5348-8772-98086803049b,1,f8d4fc59-48dc-5a19-9560-17eb35e992c9,8cdf2807-4729-5348-8772-98086803049b,PHP,2-3,Java,mid,0.047373
f8d4fc59-48dc-5a19-9560-17eb35e992c9__d7128c35-7e60-5194-ab42-1e62c7c4a222,1,f8d4fc59-48dc-5a19-9560-17eb35e992c9,d7128c35-7e60-5194-ab42-1e62c7c4a222,PHP,2-3,JavaScript,high,0.107378
f8d4fc59-48dc-5a19-9560-17eb35e992c9__d88ba6c8-6487-59f5-86c3-ca7883ce481a,1,f8d4fc59-48dc-5a19-9560-17eb35e992c9,d88ba6c8-6487-59f5-86c3-ca7883ce481a,PHP,2-3,QA,high,0.065605
