pair_id,batch,stratum,corpus,query_id,doc_id,selection_reason,annotator,label,shortlist_pick,notes
60aac018-c8be-5669-85ef-892997b1a3ec__4bbae5ef-c905-57e5-bda3-a86f0ac6d3d0,1,generic,a2,60aac018-c8be-5669-85ef-892997b1a3ec,4bbae5ef-c905-57e5-bda3-a86f0ac6d3d0,indomain_banded,yc,Potential Fit,0,
60aac018-c8be-5669-85ef-892997b1a3ec__f34493c6-932c-59ef-bdef-cf9b0c873d80,1,generic,a2,60aac018-c8be-5669-85ef-892997b1a3ec,f34493c6-932c-59ef-bdef-cf9b0c873d80,indomain_banded,yc,Good Fit,0,
60aac018-c8be-5669-85ef-892997b1a3ec__1458d7d8-4da6-55e7-b675-66e52fa97c88,1,generic,a2,60aac018-c8be-5669-85ef-892997b1a3ec,1458d7d8-4da6-55e7-b675-66e52fa97c88,indomain_banded,yc,No Fit,0,
60aac018-c8be-5669-85ef-892997b1a3ec__0294a9a9-aaf1-519b-b0fa-74af9aff366f,1,generic,a2,60aac018-c8be-5669-85ef-892997b1a3ec,0294a9a9-aaf1-519b-b0fa-74af9aff366f,indomain_banded,yc,No Fit,0,
60aac018-c8be-5669-85ef-892997b1a3ec__1bda4b5a-df52-5823-8112-1b52b8b3b24c,1,generic,a2,60aac018-c8be-5669-85ef-892997b1a3ec,1bda4b5a-df52-5823-8112-1b52b8b3b24c,indomain_banded,yc,Potential Fit,0,
60aac018-c8be-5669-85ef-892997b1a3ec__cab928e1-a4f5-5056-8fda-9fda6a7f5d1c,1,generic,a2,60aac018-c8be-5669-85ef-892997b1a3ec,cab928e1-a4f5-5056-8fda-9fda6a7f5d1c,indomain_banded,yc,Good Fit,1,
60aac018-c8be-5669-85ef-892997b1a3ec__3cf2f2c6-811f-5f69-8d05-9ed11f573b89,1,generic,a2,60aac018-c8be-5669-85ef-892997b1a3ec,3cf2f2c6-811f-5f69-8d05-9ed11f573b89,indomain_banded,yc,No Fit,0,
60aac018-c8be-5669-85ef-892997b1a3ec__eef2b968-5c47-5b2e-ba2a-ebaa8aa56164,1,generic,a2,60aac018-c8be-5669-85ef-892997b1a3ec,eef2b968-5c47-5b2e-ba2a-ebaa8aa56164,indomain_banded,yc,No Fit,0,
60aac018-c8be-5669-85ef-892997b1a3ec__172c482e-dcfd-5065-ae85-9381bd613d54,1,generic,a2,60aac018-c8be-5669-85ef-892997b1a3ec,172c482e-dcfd-5065-ae85-9381bd613d54,indomain_banded,yc,Potential Fit,0,
60aac018-c8be-5669-85ef-892997b1a3ec__f8d6ecee-668a-5b2a-b1ba-7f91614d4cec,1,generic,a2,60aac018-c8be-5669-85ef-892997b1a3ec,f8d6ecee-668a-5b2a-b1ba-7f91614d4cec,indomain_banded,yc,No Fit,0,
a77b2346-51c8-5eef-b743-9cf1ef8d40d7__11ccd989-4ccf-50c4-9060-968b9ba02a3f,1,generic,a2,a77b2346-51c8-5eef-b743-9cf1ef8d40d7,11ccd989-4ccf-50c4-9060-968b9ba02a3f,indomain_banded,yc,Potential Fit,0,
a77b2346-51c8-5eef-b743-9cf1ef8d40d7__d5388710-d97b-5173-8c66-2a50704d1ff4,1,generic,a2,a77b2346-51c8-5eef-b743-9cf1ef8d40d7,d5388710-d97b-5173-8c66-2a50704d1ff4,indomain_banded,yc,No Fit,0,
a77b2346-51c8-5eef-b743-9cf1ef8d40d7__d31d100e-0a67-5e13-9525-6de583a977f5,1,generic,a2,a77b2346-51c8-5eef-b743-9cf1ef8d40d7,d31d100e-0a67-5e13-9525-6de583a977f5,indomain_banded,yc,No Fit,0,
a77b2346-51c8-5eef-b743-9cf1ef8d40d7__7fe0407c-0d65-5f6c-a2d0-c7ebb21303a1,1,generic,a2,a77b2346-51c8-5eef-b743-9cf1ef8d40d7,7fe0407c-0d65-5f6c-a2d0-c7ebb21303a1,indomain_banded,yc,Potential Fit,0,
a77b2346-51c8-5eef-b743-9cf1ef8d40d7__d7ff4398-71d3-5e06-b8fe-358951c2e83b,1,generic,a2,a77b2346-51c8-5eef-b743-9cf1ef8d40d7,d7ff4398-71d3-5e06-b8fe-358951c2e83b,indomain_banded,yc,Good Fit,0,
a77b2346-51c8-5eef-b743-9cf1ef8d40d7__693ebf28-505d-5e25-a5de-dd23d11a5702,1,generic,a2,a77b2346-51c8-5eef-b743-9cf1ef8d40d7,693ebf28-505d-5e25-a5de-dd23d11a5702,indomain_banded,yc,Potential Fit,0,
a77b2346-51c8-5eef-b743-9cf1ef8d40d7__eebbcede-0967-5ce3-8a97-4af232cc0bfd,1,generic,a2,a77b2346-51c8-5eef-b743-9cf1ef8d40d7,eebbcede-0967-5ce3-8a97-4af232cc0bfd,indomain_banded,yc,No Fit,0,
a77b2346-51c8-5eef-b743-9cf1ef8d40d7__9041f671-0dad-56c1-90d6-925f16cb3592,1,generic,a2,a77b2346-51c8-5eef-b743-9cf1ef8d40d7,9041f671-0dad-56c1-90d6-925f16cb3592,indomain_banded,yc,Potential Fit,0,
a77b2346-51c8-5eef-b743-9cf1ef8d40d7__49d4dda3-4911-573d-808d-d129acbc0308,1,generic,a2,a77b2346-51c8-5eef-b743-9cf1ef8d40d7,49d4dda3-4911-573d-808d-d129acbc0308,indomain_banded,yc,Good Fit,1,
a77b2346-51c8-5eef-b743-9cf1ef8d40d7__ab054fda-374d-5dbd-bb4d-a7e28ad9c9cb,1,generic,a2,a77b2346-51c8-5eef-b743-9cf1ef8d40d7,ab054fda-374d-5dbd-bb4d-a7e28ad9c9cb,indomain_banded,yc,Potential Fit,0,
cd34e6d9-bd4c-526f-ad03-ead383c644c8__b9310de6-53ef-59f9-9612-480c65d99c58,1,generic,a2,cd34e6d9-bd4c-526f-ad03-ead383c644c8,b9310de6-53ef-59f9-9612-480c65d99c58,indomain_banded,yc,Good Fit,0,
cd34e6d9-bd4c-526f-ad03-ead383c644c8__fd6f9d71-1578-5207-8b25-cee4beb063d4,1,generic,a2,cd34e6d9-bd4c-526f-ad03-ead383c644c8,fd6f9d71-1578-5207-8b25-cee4beb063d4,indomain_banded,yc,No Fit,0,
cd34e6d9-bd4c-526f-ad03-ead383c644c8__8787b185-c3f4-5e68-95f1-e2727837804b,1,generic,a2,cd34e6d9-bd4c-526f-ad03-ead383c644c8,8787b185-c3f4-5e68-95f1-e2727837804b,indomain_banded,yc,Good Fit,1,
cd34e6d9-bd4c-526f-ad03-ead383c644c8__7704e412-cf11-5764-ab4d-a93191277e04,1,generic,a2,cd34e6d9-bd4c-526f-ad03-ead383c644c8,7704e412-cf11-5764-ab4d-a93191277e04,indomain_banded,yc,Potential Fit,0,
cd34e6d9-bd4c-526f-ad03-ead383c644c8__3a67fda3-29c5-5195-9127-ba07eb902bec,1,generic,a2,cd34e6d9-bd4c-526f-ad03-ead383c644c8,3a67fda3-29c5-5195-9127-ba07eb902bec,indomain_banded,yc,Potential Fit,0,
cd34e6d9-bd4c-526f-ad03-ead383c644c8__057da75a-d8d4-5621-8a1e-c527e6ab620e,1,generic,a2,cd34e6d9-bd4c-526f-ad03-ead383c644c8,057da75a-d8d4-5621-8a1e-c527e6ab620e,indomain_banded,yc,Potential Fit,0,
cd34e6d9-bd4c-526f-ad03-ead383c644c8__60f5e194-8db4-5f38-87fd-c2cd836f4ca2,1,generic,a2,cd34e6d9-bd4c-526f-ad03-ead383c644c8,60f5e194-8db4-5f38-87fd-c2cd836f4ca2,indomain_banded,yc,Potential Fit,0,
cd34e6d9-bd4c-526f-ad03-ead383c644c8__b6cddfda-38af-5c6b-becd-41a820c304c9,1,generic,a2,cd34e6d9-bd4c-526f-ad03-ead383c644c8,b6cddfda-38af-5c6b-becd-41a820c304c9,indomain_banded,yc,No Fit,0,
cd34e6d9-bd4c-526f-ad03-ead383c644c8__ad5ea57e-eec7-5da2-868c-7429f78e62a7,1,generic,a2,cd34e6d9-bd4c-526f-ad03-ead383c644c8,ad5ea57e-eec7-5da2-868c-7429f78e62a7,indomain_banded,yc,Potential Fit,0,
cd34e6d9-bd4c-526f-ad03-ead383c644c8__d556bf2a-0cc6-59a2-8968-1ccc8c1ee2b7,1,generic,a2,cd34e6d9-bd4c-526f-ad03-ead383c644c8,d556bf2a-0cc6-59a2-8968-1ccc8c1ee2b7,indomain_banded,yc,No Fit,0,
21a58a87-88fa-5721-b0c7-b40c5320fd1c__b7a1f0d2-3236-5d20-9862-187a6bb94bed,1,generic,a2,21a58a87-88fa-5721-b0c7-b40c5320fd1c,b7a1f0d2-3236-5d20-9862-187a6bb94bed,indomain_banded,yc,No Fit,0,
21a58a87-88fa-5721-b0c7-b40c5320fd1c__ab1c1393-e528-5490-9ecd-7742bc75c891,1,generic,a2,21a58a87-88fa-5721-b0c7-b40c5320fd1c,ab1c1393-e528-5490-9ecd-7742bc75c891,indomain_banded,yc,No Fit,0,
21a58a87-88fa-5721-b0c7-b40c5320fd1c__454b07d2-0896-5d33-b684-ca2ba13093b2,1,generic,a2,21a58a87-88fa-5721-b0c7-b40c5320fd1c,454b07d2-0896-5d33-b684-ca2ba13093b2,indomain_banded,yc,Potential Fit,1,
21a58a87-88fa-5721-b0c7-b40c5320fd1c__0be96e3f-c628-5216-95db-555bb3525ba9,1,generic,a2,21a58a87-88fa-5721-b0c7-b40c5320fd1c,0be96e3f-c628-5216-95db-555bb3525ba9,indomain_banded,yc,No Fit,0,
21a58a87-88fa-5721-b0c7-b40c5320fd1c__48196df0-2612-53d9-a198-7707abd41ec9,1,generic,a2,21a58a87-88fa-5721-b0c7-b40c5320fd1c,48196df0-2612-53d9-a198-7707abd41ec9,indomain_banded,yc,No Fit,0,
21a58a87-88fa-5721-b0c7-b40c5320fd1c__a4800ca3-f84e-5a14-9d73-d874b6d6c966,1,generic,a2,21a58a87-88fa-5721-b0c7-b40c5320fd1c,a4800ca3-f84e-5a14-9d73-d874b6d6c966,indomain_banded,yc,No Fit,0,
21a58a87-88fa-5721-b0c7-b40c5320fd1c__996bfdc2-e299-5f99-9fdc-e877fe2c72c8,1,generic,a2,21a58a87-88fa-5721-b0c7-b40c5320fd1c,996bfdc2-e299-5f99-9fdc-e877fe2c72c8,indomain_banded,yc,No Fit,0,
21a58a87-88fa-5721-b0c7-b40c5320fd1c__1992a3f8-e262-5689-9faa-844f29766567,1,generic,a2,21a58a87-88fa-5721-b0c7-b40c5320fd1c,1992a3f8-e262-5689-9faa-844f29766567,indomain_banded,yc,No Fit,0,
21a58a87-88fa-5721-b0c7-b40c5320fd1c__2a21facd-13af-59f9-b196-b5268255ac03,1,generic,a2,21a58a87-88fa-5721-b0c7-b40c5320fd1c,2a21facd-13af-59f9-b196-b5268255ac03,indomain_banded,yc,No Fit,0,
21a58a87-88fa-5721-b0c7-b40c5320fd1c__5a2f6240-893b-5348-bc0a-75559972b76b,1,generic,a2,21a58a87-88fa-5721-b0c7-b40c5320fd1c,5a2f6240-893b-5348-bc0a-75559972b76b,indomain_banded,yc,No Fit,0,
c63e4cc9-55f8-5e36-af46-62962a586864__f5bc3dfc-0c15-587e-905a-6086b34a8ba2,1,generic,a2,c63e4cc9-55f8-5e36-af46-62962a586864,f5bc3dfc-0c15-587e-905a-6086b34a8ba2,indomain_banded,yc,Good Fit,0,
c63e4cc9-55f8-5e36-af46-62962a586864__6e46559d-1fdc-5306-a27a-eba3676b28f6,1,generic,a2,c63e4cc9-55f8-5e36-af46-62962a586864,6e46559d-1fdc-5306-a27a-eba3676b28f6,indomain_banded,yc,Good Fit,0,
c63e4cc9-55f8-5e36-af46-62962a586864__4737f067-5a6d-5267-b8cf-184ab356c986,1,generic,a2,c63e4cc9-55f8-5e36-af46-62962a586864,4737f067-5a6d-5267-b8cf-184ab356c986,indomain_banded,yc,No Fit,0,
c63e4cc9-55f8-5e36-af46-62962a586864__828dfdf3-64c2-58df-a0d4-befd5b8d081d,1,generic,a2,c63e4cc9-55f8-5e36-af46-62962a586864,828dfdf3-64c2-58df-a0d4-befd5b8d081d,indomain_banded,yc,Potential Fit,0,
c63e4cc9-55f8-5e36-af46-62962a586864__5b2ec097-2d9d-54af-8a3c-77292aa40799,1,generic,a2,c63e4cc9-55f8-5e36-af46-62962a586864,5b2ec097-2d9d-54af-8a3c-77292aa40799,indomain_banded,yc,Potential Fit,0,
c63e4cc9-55f8-5e36-af46-62962a586864__9779b983-34fa-5987-a8ae-3cab617ca9e6,1,generic,a2,c63e4cc9-55f8-5e36-af46-62962a586864,9779b983-34fa-5987-a8ae-3cab617ca9e6,indomain_banded,yc,Potential Fit,0,
c63e4cc9-55f8-5e36-af46-62962a586864__2a8a1702-a7ad-5f43-9ffa-4bdeb527ae67,1,generic,a2,c63e4cc9-55f8-5e36-af46-62962a586864,2a8a1702-a7ad-5f43-9ffa-4bdeb527ae67,indomain_banded,yc,No Fit,0,
c63e4cc9-55f8-5e36-af46-62962a586864__5b1a5ba4-2d0a-51bd-b62c-77f58c98c47c,1,generic,a2,c63e4cc9-55f8-5e36-af46-62962a586864,5b1a5ba4-2d0a-51bd-b62c-77f58c98c47c,indomain_banded,yc,Good Fit,1,
c63e4cc9-55f8-5e36-af46-62962a586864__a3e30e54-5159-5138-a21d-2b049964da7f,1,generic,a2,c63e4cc9-55f8-5e36-af46-62962a586864,a3e30e54-5159-5138-a21d-2b049964da7f,indomain_banded,yc,Good Fit,0,
c63e4cc9-55f8-5e36-af46-62962a586864__b3daf54d-39eb-560f-8de6-1ea162c68534,1,generic,a2,c63e4cc9-55f8-5e36-af46-62962a586864,b3daf54d-39eb-560f-8de6-1ea162c68534,indomain_banded,yc,Good Fit,0,
a8a46ef9-88dd-595c-813e-db693d0adcb1__b4f69139-0b6d-56e0-b823-ccc85e127a57,1,generic,a2,a8a46ef9-88dd-595c-813e-db693d0adcb1,b4f69139-0b6d-56e0-b823-ccc85e127a57,indomain_banded,yc,Potential Fit,0,
a8a46ef9-88dd-595c-813e-db693d0adcb1__66067664-f72a-5f9a-a288-a9ead14a7573,1,generic,a2,a8a46ef9-88dd-595c-813e-db693d0adcb1,66067664-f72a-5f9a-a288-a9ead14a7573,indomain_banded,yc,Good Fit,1,
a8a46ef9-88dd-595c-813e-db693d0adcb1__0f6ce2fc-14db-52ba-ad18-5fb79dc20c04,1,generic,a2,a8a46ef9-88dd-595c-813e-db693d0adcb1,0f6ce2fc-14db-52ba-ad18-5fb79dc20c04,indomain_banded,yc,No Fit,0,
a8a46ef9-88dd-595c-813e-db693d0adcb1__e0aa9af6-760c-594e-8abf-11f4fb7c5ef5,1,generic,a2,a8a46ef9-88dd-595c-813e-db693d0adcb1,e0aa9af6-760c-594e-8abf-11f4fb7c5ef5,indomain_banded,yc,No Fit,0,
a8a46ef9-88dd-595c-813e-db693d0adcb1__5bb1c363-7d2f-5c94-bf37-c6438dec793c,1,generic,a2,a8a46ef9-88dd-595c-813e-db693d0adcb1,5bb1c363-7d2f-5c94-bf37-c6438dec793c,indomain_banded,yc,Good Fit,0,
a8a46ef9-88dd-595c-813e-db693d0adcb1__ca3750b6-dcf3-5801-a7d6-d8e04b504f2b,1,generic,a2,a8a46ef9-88dd-595c-813e-db693d0adcb1,ca3750b6-dcf3-5801-a7d6-d8e04b504f2b,indomain_banded,yc,Good Fit,0,
a8a46ef9-88dd-595c-813e-db693d0adcb1__dd5ee566-c08d-550c-adab-bc3010470bf9,1,generic,a2,a8a46ef9-88dd-595c-813e-db693d0adcb1,dd5ee566-c08d-550c-adab-bc3010470bf9,indomain_banded,yc,Good Fit,0,
a8a46ef9-88dd-595c-813e-db693d0adcb1__442cc484-a390-54e7-b252-91f59013cd5d,1,generic,a2,a8a46ef9-88dd-595c-813e-db693d0adcb1,442cc484-a390-54e7-b252-91f59013cd5d,indomain_banded,yc,Good Fit,0,
a8a46ef9-88dd-595c-813e-db693d0adcb1__273ffbb8-5682-5a89-823e-4d4bf695e7d3,1,generic,a2,a8a46ef9-88dd-595c-813e-db693d0adcb1,273ffbb8-5682-5a89-823e-4d4bf695e7d3,indomain_banded,yc,Good Fit,0,
a8a46ef9-88dd-595c-813e-db693d0adcb1__e312f4e8-da98-5a41-85b4-02d4141574a7,1,generic,a2,a8a46ef9-88dd-595c-813e-db693d0adcb1,e312f4e8-da98-5a41-85b4-02d4141574a7,indomain_banded,yc,Good Fit,0,
df5bdaf7-8af6-5cd1-90d2-d312effb9253__20436e2e-72fb-5dd9-8f4d-861104db4467,1,generic,a2,df5bdaf7-8af6-5cd1-90d2-d312effb9253,20436e2e-72fb-5dd9-8f4d-861104db4467,indomain_banded,yc,No Fit,0,
df5bdaf7-8af6-5cd1-90d2-d312effb9253__4be663f6-78a0-571f-a6df-69a4e80bd7a0,1,generic,a2,df5bdaf7-8af6-5cd1-90d2-d312effb9253,4be663f6-78a0-571f-a6df-69a4e80bd7a0,indomain_banded,yc,No Fit,0,
df5bdaf7-8af6-5cd1-90d2-d312effb9253__a6692210-0397-5f26-8b4e-0c9bfe642e65,1,generic,a2,df5bdaf7-8af6-5cd1-90d2-d312effb9253,a6692210-0397-5f26-8b4e-0c9bfe642e65,indomain_banded,yc,Good Fit,1,
df5bdaf7-8af6-5cd1-90d2-d312effb9253__403718f4-9f02-5a22-a2dc-9742f799c72e,1,generic,a2,df5bdaf7-8af6-5cd1-90d2-d312effb9253,403718f4-9f02-5a22-a2dc-9742f799c72e,indomain_banded,yc,Potential Fit,0,
df5bdaf7-8af6-5cd1-90d2-d312effb9253__4af85b34-8264-5f8b-a753-ae7fd13c2a35,1,generic,a2,df5bdaf7-8af6-5cd1-90d2-d312effb9253,4af85b34-8264-5f8b-a753-ae7fd13c2a35,indomain_banded,yc,Potential Fit,0,
df5bdaf7-8af6-5cd1-90d2-d312effb9253__a3a74f30-4dc4-5508-98b4-bc37a4533b2d,1,generic,a2,df5bdaf7-8af6-5cd1-90d2-d312effb9253,a3a74f30-4dc4-5508-98b4-bc37a4533b2d,indomain_banded,yc,No Fit,0,
df5bdaf7-8af6-5cd1-90d2-d312effb9253__75b6a497-ac18-56f6-ae36-b937e1258754,1,generic,a2,df5bdaf7-8af6-5cd1-90d2-d312effb9253,75b6a497-ac18-56f6-ae36-b937e1258754,indomain_banded,yc,Good Fit,0,
df5bdaf7-8af6-5cd1-90d2-d312effb9253__9f7fb0ee-3c9d-5943-8337-3bf4feac7d9f,1,generic,a2,df5bdaf7-8af6-5cd1-90d2-d312effb9253,9f7fb0ee-3c9d-5943-8337-3bf4feac7d9f,indomain_banded,yc,Potential Fit,0,
df5bdaf7-8af6-5cd1-90d2-d312effb9253__63607f63-dbb2-53c4-93df-c5ad3fd479e8,1,generic,a2,df5bdaf7-8af6-5cd1-90d2-d312effb9253,63607f63-dbb2-53c4-93df-c5ad3fd479e8,indomain_banded,yc,No Fit,0,
df5bdaf7-8af6-5cd1-90d2-d312effb9253__f53703a3-8e52-5a80-8ebc-f72f6f032918,1,generic,a2,df5bdaf7-8af6-5cd1-90d2-d312effb9253,f53703a3-8e52-5a80-8ebc-f72f6f032918,indomain_banded,yc,Potential Fit,0,
6cd33ac2-0e17-58ab-b435-a94c46c8598f__505fe496-db23-5cd6-a331-ef01e2145bdf,1,generic,a2,6cd33ac2-0e17-58ab-b435-a94c46c8598f,505fe496-db23-5cd6-a331-ef01e2145bdf,indomain_banded,yc,No Fit,0,
6cd33ac2-0e17-58ab-b435-a94c46c8598f__3869faec-8fbb-53c3-9264-e567458dcda5,1,generic,a2,6cd33ac2-0e17-58ab-b435-a94c46c8598f,3869faec-8fbb-53c3-9264-e567458dcda5,indomain_banded,yc,Good Fit,1,
6cd33ac2-0e17-58ab-b435-a94c46c8598f__3932f4d4-7707-537b-aecb-4e6b004c2bea,1,generic,a2,6cd33ac2-0e17-58ab-b435-a94c46c8598f,3932f4d4-7707-537b-aecb-4e6b004c2bea,indomain_banded,yc,Potential Fit,0,
6cd33ac2-0e17-58ab-b435-a94c46c8598f__db17be18-9b1e-5dc1-83a6-e0dd04307c34,1,generic,a2,6cd33ac2-0e17-58ab-b435-a94c46c8598f,db17be18-9b1e-5dc1-83a6-e0dd04307c34,indomain_banded,yc,Good Fit,0,
6cd33ac2-0e17-58ab-b435-a94c46c8598f__6eda3128-5c0b-58e8-8e9d-3a599b70ac74,1,generic,a2,6cd33ac2-0e17-58ab-b435-a94c46c8598f,6eda3128-5c0b-58e8-8e9d-3a599b70ac74,indomain_banded,yc,No Fit,0,
6cd33ac2-0e17-58ab-b435-a94c46c8598f__74f9d353-8105-52be-a7ad-48710f2f7a28,1,generic,a2,6cd33ac2-0e17-58ab-b435-a94c46c8598f,74f9d353-8105-52be-a7ad-48710f2f7a28,indomain_banded,yc,Good Fit,0,
6cd33ac2-0e17-58ab-b435-a94c46c8598f__4b9c7719-02e9-50c5-b297-799e4341f8a1,1,generic,a2,6cd33ac2-0e17-58ab-b435-a94c46c8598f,4b9c7719-02e9-50c5-b297-799e4341f8a1,indomain_banded,yc,Good Fit,0,
6cd33ac2-0e17-58ab-b435-a94c46c8598f__19121db2-75ba-57a4-81a2-20879792daa8,1,generic,a2,6cd33ac2-0e17-58ab-b435-a94c46c8598f,19121db2-75ba-57a4-81a2-20879792daa8,indomain_banded,yc,Good Fit,0,
6cd33ac2-0e17-58ab-b435-a94c46c8598f__8fdde0b9-3a7c-53f8-b768-32ae67026ede,1,generic,a2,6cd33ac2-0e17-58ab-b435-a94c46c8598f,8fdde0b9-3a7c-53f8-b768-32ae67026ede,indomain_banded,yc,No Fit,0,
6cd33ac2-0e17-58ab-b435-a94c46c8598f__5410df1b-1106-56d6-94a3-6c79e7e2b21d,1,generic,a2,6cd33ac2-0e17-58ab-b435-a94c46c8598f,5410df1b-1106-56d6-94a3-6c79e7e2b21d,indomain_banded,yc,Good Fit,0,
a8dfaf0c-b8bb-5338-8e3f-2b1e5a0b36ac__10769d21-7691-502b-81e8-3d73a273ffa6,1,generic,a2,a8dfaf0c-b8bb-5338-8e3f-2b1e5a0b36ac,10769d21-7691-502b-81e8-3d73a273ffa6,indomain_banded,yc,No Fit,0,
a8dfaf0c-b8bb-5338-8e3f-2b1e5a0b36ac__cbe3890f-93a2-562d-807c-afdff218d500,1,generic,a2,a8dfaf0c-b8bb-5338-8e3f-2b1e5a0b36ac,cbe3890f-93a2-562d-807c-afdff218d500,indomain_banded,yc,No Fit,0,
a8dfaf0c-b8bb-5338-8e3f-2b1e5a0b36ac__b1aec9bf-c61f-5b69-a075-7dc75834f58b,1,generic,a2,a8dfaf0c-b8bb-5338-8e3f-2b1e5a0b36ac,b1aec9bf-c61f-5b69-a075-7dc75834f58b,indomain_banded,yc,No Fit,0,
a8dfaf0c-b8bb-5338-8e3f-2b1e5a0b36ac__4ffc7419-5b05-51d3-8c22-7eb95b4c79a0,1,generic,a2,a8dfaf0c-b8bb-5338-8e3f-2b1e5a0b36ac,4ffc7419-5b05-51d3-8c22-7eb95b4c79a0,indomain_banded,yc,No Fit,0,
a8dfaf0c-b8bb-5338-8e3f-2b1e5a0b36ac__84a0997f-9fa5-5a2b-8c88-4339ae15ebef,1,generic,a2,a8dfaf0c-b8bb-5338-8e3f-2b1e5a0b36ac,84a0997f-9fa5-5a2b-8c88-4339ae15ebef,indomain_banded,yc,Potential Fit,0,
a8dfaf0c-b8bb-5338-8e3f-2b1e5a0b36ac__ff6ef9e8-6043-5eef-84ff-c3c454de5b90,1,generic,a2,a8dfaf0c-b8bb-5338-8e3f-2b1e5a0b36ac,ff6ef9e8-6043-5eef-84ff-c3c454de5b90,indomain_banded,yc,No Fit,0,
a8dfaf0c-b8bb-5338-8e3f-2b1e5a0b36ac__e5cf42dc-ba3c-5b0a-91d9-8e71f14154ef,1,generic,a2,a8dfaf0c-b8bb-5338-8e3f-2b1e5a0b36ac,e5cf42dc-ba3c-5b0a-91d9-8e71f14154ef,indomain_banded,yc,No Fit,0,
a8dfaf0c-b8bb-5338-8e3f-2b1e5a0b36ac__5a3826eb-4f5b-56c1-8d36-9f43eab3b139,1,generic,a2,a8dfaf0c-b8bb-5338-8e3f-2b1e5a0b36ac,5a3826eb-4f5b-56c1-8d36-9f43eab3b139,indomain_banded,yc,Good Fit,1,
a8dfaf0c-b8bb-5338-8e3f-2b1e5a0b36ac__6fdd506a-75c7-5795-a9ee-80ecfd4e0aba,1,generic,a2,a8dfaf0c-b8bb-5338-8e3f-2b1e5a0b36ac,6fdd506a-75c7-5795-a9ee-80ecfd4e0aba,indomain_banded,yc,Potential Fit,0,
a8dfaf0c-b8bb-5338-8e3f-2b1e5a0b36ac__98806985-b67a-5d63-9a2f-9086f53d597c,1,generic,a2,a8dfaf0c-b8bb-5338-8e3f-2b1e5a0b36ac,98806985-b67a-5d63-9a2f-9086f53d597c,indomain_banded,yc,No Fit,0,
352781ec-86e3-5363-bc65-7b6f79cdcfe2__6690ca5d-aa69-556e-9e47-a06695e15218,1,generic,a2,352781ec-86e3-5363-bc65-7b6f79cdcfe2,6690ca5d-aa69-556e-9e47-a06695e15218,indomain_banded,yc,No Fit,0,
352781ec-86e3-5363-bc65-7b6f79cdcfe2__ae04c13d-01d4-5a0e-a08a-e7b3b017dbff,1,generic,a2,352781ec-86e3-5363-bc65-7b6f79cdcfe2,ae04c13d-01d4-5a0e-a08a-e7b3b017dbff,indomain_banded,yc,No Fit,0,
352781ec-86e3-5363-bc65-7b6f79cdcfe2__1ed648e8-ebae-506f-98cc-c35830cbdcf8,1,generic,a2,352781ec-86e3-5363-bc65-7b6f79cdcfe2,1ed648e8-ebae-506f-98cc-c35830cbdcf8,indomain_banded,yc,Good Fit,0,
352781ec-86e3-5363-bc65-7b6f79cdcfe2__9a11e001-e67c-5eaa-8950-109f24bf53fe,1,generic,a2,352781ec-86e3-5363-bc65-7b6f79cdcfe2,9a11e001-e67c-5eaa-8950-109f24bf53fe,indomain_banded,yc,Good Fit,0,
352781ec-86e3-5363-bc65-7b6f79cdcfe2__e7bf9748-d6ed-5d5b-8e77-3c29e9ccbbfd,1,generic,a2,352781ec-86e3-5363-bc65-7b6f79cdcfe2,e7bf9748-d6ed-5d5b-8e77-3c29e9ccbbfd,indomain_banded,yc,Potential Fit,0,
352781ec-86e3-5363-bc65-7b6f79cdcfe2__c39f76d9-db57-5105-90fb-5edd5d4bbc04,1,generic,a2,352781ec-86e3-5363-bc65-7b6f79cdcfe2,c39f76d9-db57-5105-90fb-5edd5d4bbc04,indomain_banded,yc,Potential Fit,0,
352781ec-86e3-5363-bc65-7b6f79cdcfe2__03604585-88dc-5132-8e9c-f96dbb8e9dc4,1,generic,a2,352781ec-86e3-5363-bc65-7b6f79cdcfe2,03604585-88dc-5132-8e9c-f96dbb8e9dc4,indomain_banded,yc,No Fit,0,
352781ec-86e3-5363-bc65-7b6f79cdcfe2__9e743854-4886-5258-8bb8-4b1ac332f52e,1,generic,a2,352781ec-86e3-5363-bc65-7b6f79cdcfe2,9e743854-4886-5258-8bb8-4b1ac332f52e,indomain_banded,yc,Good Fit,1,
352781ec-86e3-5363-bc65-7b6f79cdcfe2__752b65e3-e82b-55dd-867e-16a5f9db72fe,1,generic,a2,352781ec-86e3-5363-bc65-7b6f79cdcfe2,752b65e3-e82b-55dd-867e-16a5f9db72fe,indomain_banded,yc,Good Fit,0,
352781ec-86e3-5363-bc65-7b6f79cdcfe2__ed255bde-a1c7-586b-b622-90a63e2da68f,1,generic,a2,352781ec-86e3-5363-bc65-7b6f79cdcfe2,ed255bde-a1c7-586b-b622-90a63e2da68f,indomain_banded,yc,Good Fit,0,
b82ccdd2-b0e1-50ee-8213-625f677ac416__a2adf90d-8c9c-5f05-9317-d52ff2c2c8d6,1,generic,a2,b82ccdd2-b0e1-50ee-8213-625f677ac416,a2adf90d-8c9c-5f05-9317-d52ff2c2c8d6,indomain_banded,yc,Good Fit,1,
b82ccdd2-b0e1-50ee-8213-625f677ac416__d7870c97-0f9e-5c41-8d9a-4a7dd5a71244,1,generic,a2,b82ccdd2-b0e1-50ee-8213-625f677ac416,d7870c97-0f9e-5c41-8d9a-4a7dd5a71244,indomain_banded,yc,No Fit,0,
b82ccdd2-b0e1-50ee-8213-625f677ac416__6ec9a81d-86a3-5e21-aca2-8802a9fb468d,1,generic,a2,b82ccdd2-b0e1-50ee-8213-625f677ac416,6ec9a81d-86a3-5e21-aca2-8802a9fb468d,indomain_banded,yc,No Fit,0,
b82ccdd2-b0e1-50ee-8213-625f677ac416__7c99dbb8-8d26-5388-9db1-aa083602ef04,1,generic,a2,b82ccdd2-b0e1-50ee-8213-625f677ac416,7c99dbb8-8d26-5388-9db1-aa083602ef04,indomain_banded,yc,Potential Fit,0,
b82ccdd2-b0e1-50ee-8213-625f677ac416__82c8eb8c-f4cb-5e24-98f9-97e37ebc8297,1,generic,a2,b82ccdd2-b0e1-50ee-8213-625f677ac416,82c8eb8c-f4cb-5e24-98f9-97e37ebc8297,indomain_banded,yc,Potential Fit,0,
b82ccdd2-b0e1-50ee-8213-625f677ac416__0ed1737c-5a87-5413-afc1-622b69b60eec,1,generic,a2,b82ccdd2-b0e1-50ee-8213-625f677ac416,0ed1737c-5a87-5413-afc1-622b69b60eec,indomain_banded,yc,No Fit,0,
b82ccdd2-b0e1-50ee-8213-625f677ac416__2c76a6bc-3642-5042-bd53-6668bb154a26,1,generic,a2,b82ccdd2-b0e1-50ee-8213-625f677ac416,2c76a6bc-3642-5042-bd53-6668bb154a26,indomain_banded,yc,Potential Fit,0,
b82ccdd2-b0e1-50ee-8213-625f677ac416__fb7b80da-4538-54b5-841d-109e5ce907be,1,generic,a2,b82ccdd2-b0e1-50ee-8213-625f677ac416,fb7b80da-4538-54b5-841d-109e5ce907be,indomain_banded,yc,Potential Fit,0,
b82ccdd2-b0e1-50ee-8213-625f677ac416__6e543cfc-6969-561b-a304-4a894840c0c0,1,generic,a2,b82ccdd2-b0e1-50ee-8213-625f677ac416,6e543cfc-6969-561b-a304-4a894840c0c0,indomain_banded,yc,Potential Fit,0,
b82ccdd2-b0e1-50ee-8213-625f677ac416__2c5cb801-8718-5f3e-adae-b3c051b8d361,1,generic,a2,b82ccdd2-b0e1-50ee-8213-625f677ac416,2c5cb801-8718-5f3e-adae-b3c051b8d361,indomain_banded,yc,Potential Fit,0,
dbd59317-605c-5f86-82ad-32c7eac7e2a5__797978ca-0dda-5c36-a4a3-742a0ab50933,1,generic,a2,dbd59317-605c-5f86-82ad-32c7eac7e2a5,797978ca-0dda-5c36-a4a3-742a0ab50933,indomain_banded,yc,Good Fit,1,
dbd59317-605c-5f86-82ad-32c7eac7e2a5__bc249f8f-e754-5941-a708-f82a26b29b54,1,generic,a2,dbd59317-605c-5f86-82ad-32c7eac7e2a5,bc249f8f-e754-5941-a708-f82a26b29b54,indomain_banded,yc,Potential Fit,0,
dbd59317-605c-5f86-82ad-32c7eac7e2a5__a8ca84fc-5208-5159-be71-f5681b24a1cd,1,generic,a2,dbd59317-605c-5f86-82ad-32c7eac7e2a5,a8ca84fc-5208-5159-be71-f5681b24a1cd,indomain_banded,yc,Potential Fit,0,
dbd59317-605c-5f86-82ad-32c7eac7e2a5__67b1c500-708c-5a09-948c-e2cbbd884c74,1,generic,a2,dbd59317-605c-5f86-82ad-32c7eac7e2a5,67b1c500-708c-5a09-948c-e2cbbd884c74,indomain_banded,yc,Potential Fit,0,
dbd59317-605c-5f86-82ad-32c7eac7e2a5__1e9b5932-e5fb-55d5-921a-17aad6493c00,1,generic,a2,dbd59317-605c-5f86-82ad-32c7eac7e2a5,1e9b5932-e5fb-55d5-921a-17aad6493c00,indomain_banded,yc,Potential Fit,0,
dbd59317-605c-5f86-82ad-32c7eac7e2a5__9258a2d9-1c82-54da-9925-7b8990781546,1,generic,a2,dbd59317-605c-5f86-82ad-32c7eac7e2a5,9258a2d9-1c82-54da-9925-7b8990781546,indomain_banded,yc,No Fit,0,
dbd59317-605c-5f86-82ad-32c7eac7e2a5__15447000-270e-5419-ad9e-499f8cd64082,1,generic,a2,dbd59317-605c-5f86-82ad-32c7eac7e2a5,15447000-270e-5419-ad9e-499f8cd64082,indomain_banded,yc,Good Fit,0,
dbd59317-605c-5f86-82ad-32c7eac7e2a5__11e99f67-9a49-5441-9bb8-579beafd5d04,1,generic,a2,dbd59317-605c-5f86-82ad-32c7eac7e2a5,11e99f67-9a49-5441-9bb8-579beafd5d04,indomain_banded,yc,Potential Fit,0,
dbd59317-605c-5f86-82ad-32c7eac7e2a5__20b998a9-6c8f-50d3-925d-ddcc1e49368f,1,generic,a2,dbd59317-605c-5f86-82ad-32c7eac7e2a5,20b998a9-6c8f-50d3-925d-ddcc1e49368f,indomain_banded,yc,Potential Fit,0,
dbd59317-605c-5f86-82ad-32c7eac7e2a5__ae7e29dd-69d7-5998-aa6e-4cefb704ffd7,1,generic,a2,dbd59317-605c-5f86-82ad-32c7eac7e2a5,ae7e29dd-69d7-5998-aa6e-4cefb704ffd7,indomain_banded,yc,Good Fit,0,
j_5fdf7d382e67__r_54efc8ed3054,0,a1_recheck,a1,j_5fdf7d382e67,r_54efc8ed3054,a1_recheck,yc,Good Fit,0,
j_b35cfefb41dd__r_54efc8ed3054,0,a1_recheck,a1,j_b35cfefb41dd,r_54efc8ed3054,a1_recheck,yc,Good Fit,0,
j_b35cfefb41dd__r_3c191b7fe1d1,0,a1_recheck,a1,j_b35cfefb41dd,r_3c191b7fe1d1,a1_recheck,yc,Potential Fit,0,
j_fc792a2b7fe0__r_26081eac0636,0,a1_recheck,a1,j_fc792a2b7fe0,r_26081eac0636,a1_recheck,yc,No Fit,0,
j_978d084a319f__r_3c191b7fe1d1,0,a1_recheck,a1,j_978d084a319f,r_3c191b7fe1d1,a1_recheck,yc,Potential Fit,0,
j_978d084a319f__r_cfef6a354732,0,a1_recheck,a1,j_978d084a319f,r_cfef6a354732,a1_recheck,yc,No Fit,0,
j_978d084a319f__r_6de8c60312de,0,a1_recheck,a1,j_978d084a319f,r_6de8c60312de,a1_recheck,yc,Good Fit,0,
j_81bfd39d8a31__r_e72f975e1554,0,a1_recheck,a1,j_81bfd39d8a31,r_e72f975e1554,a1_recheck,yc,No Fit,0,
j_81bfd39d8a31__r_52936a56ec83,0,a1_recheck,a1,j_81bfd39d8a31,r_52936a56ec83,a1_recheck,yc,Good Fit,0,
j_96229719e2cd__r_60d5e723d074,0,a1_recheck,a1,j_96229719e2cd,r_60d5e723d074,a1_recheck,yc,Potential Fit,0,
j_ef4c6efe5843__r_9ddad6feab89,0,a1_recheck,a1,j_ef4c6efe5843,r_9ddad6feab89,a1_recheck,yc,Good Fit,0,
j_f80734a834f5__r_4237404a46ae,0,a1_recheck,a1,j_f80734a834f5,r_4237404a46ae,a1_recheck,yc,No Fit,0,
j_244f893f44d8__r_e5b671d6d5ea,0,a1_recheck,a1,j_244f893f44d8,r_e5b671d6d5ea,a1_recheck,yc,Good Fit,0,
j_244f893f44d8__r_7d9919ce0c9e,0,a1_recheck,a1,j_244f893f44d8,r_7d9919ce0c9e,a1_recheck,yc,Good Fit,0,
j_3703c60dc13d__r_9ddad6feab89,0,a1_recheck,a1,j_3703c60dc13d,r_9ddad6feab89,a1_recheck,yc,No Fit,0,
j_3703c60dc13d__r_af6a8343706f,0,a1_recheck,a1,j_3703c60dc13d,r_af6a8343706f,a1_recheck,yc,No Fit,0,
j_9aa590d4c265__r_d4231a28f017,0,a1_recheck,a1,j_9aa590d4c265,r_d4231a28f017,a1_recheck,yc,No Fit,0,
j_3149433013e5__r_2a58ebc46ba5,0,a1_recheck,a1,j_3149433013e5,r_2a58ebc46ba5,a1_recheck,yc,Potential Fit,0,
j_3149433013e5__r_af6a8343706f,0,a1_recheck,a1,j_3149433013e5,r_af6a8343706f,a1_recheck,yc,Good Fit,0,
j_3149433013e5__r_708f5eca7774,0,a1_recheck,a1,j_3149433013e5,r_708f5eca7774,a1_recheck,yc,No Fit,0,
j_3149433013e5__r_e741e1ca6ee8,0,a1_recheck,a1,j_3149433013e5,r_e741e1ca6ee8,a1_recheck,yc,No Fit,0,
j_7745d1936d3f__r_a79ee88e30ff,0,a1_recheck,a1,j_7745d1936d3f,r_a79ee88e30ff,a1_recheck,yc,No Fit,0,
j_abdeb82e4b82__r_3f37a16fe433,0,a1_recheck,a1,j_abdeb82e4b82,r_3f37a16fe433,a1_recheck,yc,No Fit,0,
j_3a3fb870fb16__r_5d191fbbc72d,0,a1_recheck,a1,j_3a3fb870fb16,r_5d191fbbc72d,a1_recheck,yc,No Fit,0,
j_00ef9ec00639__r_c602157b6258,0,a1_recheck,a1,j_00ef9ec00639,r_c602157b6258,a1_recheck,yc,No Fit,0,
cec17645-0014-5960-ac4d-78e5e47ebeee__efbfb668-4cca-5f0e-8c82-d4438c7dab1c,1,generic,a2,cec17645-0014-5960-ac4d-78e5e47ebeee,efbfb668-4cca-5f0e-8c82-d4438c7dab1c,indomain_banded,yc,No Fit,0,
cec17645-0014-5960-ac4d-78e5e47ebeee__6ddec077-343b-5ef1-b857-0c1eda584674,1,generic,a2,cec17645-0014-5960-ac4d-78e5e47ebeee,6ddec077-343b-5ef1-b857-0c1eda584674,indomain_banded,yc,No Fit,0,
cec17645-0014-5960-ac4d-78e5e47ebeee__8b06938c-3478-542c-8d17-f9084b8d91f0,1,generic,a2,cec17645-0014-5960-ac4d-78e5e47ebeee,8b06938c-3478-542c-8d17-f9084b8d91f0,indomain_banded,yc,No Fit,0,
cec17645-0014-5960-ac4d-78e5e47ebeee__076105dc-4eb3-5b13-b2fd-b4b1b4b86e9b,1,generic,a2,cec17645-0014-5960-ac4d-78e5e47ebeee,076105dc-4eb3-5b13-b2fd-b4b1b4b86e9b,indomain_banded,yc,No Fit,0,
cec17645-0014-5960-ac4d-78e5e47ebeee__2c96305a-3d5f-56a1-a438-b08acc919139,1,generic,a2,cec17645-0014-5960-ac4d-78e5e47ebeee,2c96305a-3d5f-56a1-a438-b08acc919139,indomain_banded,yc,No Fit,0,
cec17645-0014-5960-ac4d-78e5e47ebeee__47c08bed-89ea-5358-8243-301ad4aa2a14,1,generic,a2,cec17645-0014-5960-ac4d-78e5e47ebeee,47c08bed-89ea-5358-8243-301ad4aa2a14,indomain_banded,yc,No Fit,0,
cec17645-0014-5960-ac4d-78e5e47ebeee__db7b58bd-e63a-58f1-87aa-f39989dc56a4,1,generic,a2,cec17645-0014-5960-ac4d-78e5e47ebeee,db7b58bd-e63a-58f1-87aa-f39989dc56a4,indomain_banded,yc,No Fit,0,
cec17645-0014-5960-ac4d-78e5e47ebeee__f7d9bbca-8511-52d8-8768-09db4dc149e8,1,generic,a2,cec17645-0014-5960-ac4d-78e5e47ebeee,f7d9bbca-8511-52d8-8768-09db4dc149e8,indomain_banded,yc,No Fit,0,
cec17645-0014-5960-ac4d-78e5e47ebeee__d95a1b01-7596-5ab4-8cf6-e5fb95f13594,1,generic,a2,cec17645-0014-5960-ac4d-78e5e47ebeee,d95a1b01-7596-5ab4-8cf6-e5fb95f13594,indomain_banded,yc,No Fit,0,
cec17645-0014-5960-ac4d-78e5e47ebeee__23cbb5a1-aa0b-530e-a778-35f35ffb9c74,1,generic,a2,cec17645-0014-5960-ac4d-78e5e47ebeee,23cbb5a1-aa0b-530e-a778-35f35ffb9c74,indomain_banded,yc,No Fit,0,
9dcb0aab-696f-5a0c-9b65-5f06e859aa9c__0b760cc7-5751-5a61-986d-c7571c10add6,1,generic,a2,9dcb0aab-696f-5a0c-9b65-5f06e859aa9c,0b760cc7-5751-5a61-986d-c7571c10add6,indomain_banded,yc,Good Fit,0,
9dcb0aab-696f-5a0c-9b65-5f06e859aa9c__17d85254-ea16-5687-ba9a-d5bbd03c749f,1,generic,a2,9dcb0aab-696f-5a0c-9b65-5f06e859aa9c,17d85254-ea16-5687-ba9a-d5bbd03c749f,indomain_banded,yc,Potential Fit,0,
9dcb0aab-696f-5a0c-9b65-5f06e859aa9c__e3175d9e-55f6-5596-b2cc-370d3552c7ee,1,generic,a2,9dcb0aab-696f-5a0c-9b65-5f06e859aa9c,e3175d9e-55f6-5596-b2cc-370d3552c7ee,indomain_banded,yc,Potential Fit,0,
9dcb0aab-696f-5a0c-9b65-5f06e859aa9c__2d825abe-56b4-5699-b268-e5d1f995ca8b,1,generic,a2,9dcb0aab-696f-5a0c-9b65-5f06e859aa9c,2d825abe-56b4-5699-b268-e5d1f995ca8b,indomain_banded,yc,Potential Fit,0,
9dcb0aab-696f-5a0c-9b65-5f06e859aa9c__3d20dcee-509f-527c-8cbd-80d8dc4f408d,1,generic,a2,9dcb0aab-696f-5a0c-9b65-5f06e859aa9c,3d20dcee-509f-527c-8cbd-80d8dc4f408d,indomain_banded,yc,Potential Fit,0,
9dcb0aab-696f-5a0c-9b65-5f06e859aa9c__4b0982a4-9097-532c-b8e2-0dc5d5563906,1,generic,a2,9dcb0aab-696f-5a0c-9b65-5f06e859aa9c,4b0982a4-9097-532c-b8e2-0dc5d5563906,indomain_banded,yc,Good Fit,1,
9dcb0aab-696f-5a0c-9b65-5f06e859aa9c__6b50de09-072e-53b6-8105-97e9bf0603c4,1,generic,a2,9dcb0aab-696f-5a0c-9b65-5f06e859aa9c,6b50de09-072e-53b6-8105-97e9bf0603c4,indomain_banded,yc,Potential Fit,0,
9dcb0aab-696f-5a0c-9b65-5f06e859aa9c__8f31c09e-08cf-5a4e-aef5-34b5ecf0f7d3,1,generic,a2,9dcb0aab-696f-5a0c-9b65-5f06e859aa9c,8f31c09e-08cf-5a4e-aef5-34b5ecf0f7d3,indomain_banded,yc,No Fit,0,
9dcb0aab-696f-5a0c-9b65-5f06e859aa9c__22a41009-1ee8-57c5-bb7c-cb6b308f51c6,1,generic,a2,9dcb0aab-696f-5a0c-9b65-5f06e859aa9c,22a41009-1ee8-57c5-bb7c-cb6b308f51c6,indomain_banded,yc,No Fit,0,
9dcb0aab-696f-5a0c-9b65-5f06e859aa9c__26ebc4d9-e4fc-5be6-9885-ce7411734366,1,generic,a2,9dcb0aab-696f-5a0c-9b65-5f06e859aa9c,26ebc4d9-e4fc-5be6-9885-ce7411734366,indomain_banded,yc,Potential Fit,0,
1f26be02-51ac-5e5e-8acd-41e68b413b1d__a432e71d-c6e7-5e47-a107-e232f8834e40,1,generic,a2,1f26be02-51ac-5e5e-8acd-41e68b413b1d,a432e71d-c6e7-5e47-a107-e232f8834e40,indomain_banded,yc,Good Fit,0,
1f26be02-51ac-5e5e-8acd-41e68b413b1d__c0be189c-9aba-5522-b27e-69cfab31cf59,1,generic,a2,1f26be02-51ac-5e5e-8acd-41e68b413b1d,c0be189c-9aba-5522-b27e-69cfab31cf59,indomain_banded,yc,No Fit,0,
1f26be02-51ac-5e5e-8acd-41e68b413b1d__4f346051-f9f6-5e12-a0ed-1f8aaa3f5898,1,generic,a2,1f26be02-51ac-5e5e-8acd-41e68b413b1d,4f346051-f9f6-5e12-a0ed-1f8aaa3f5898,indomain_banded,yc,Potential Fit,0,
1f26be02-51ac-5e5e-8acd-41e68b413b1d__4addd62a-4e3e-5d06-bff0-1eff8669951e,1,generic,a2,1f26be02-51ac-5e5e-8acd-41e68b413b1d,4addd62a-4e3e-5d06-bff0-1eff8669951e,indomain_banded,yc,Potential Fit,0,
1f26be02-51ac-5e5e-8acd-41e68b413b1d__4c4820a1-a1f1-54ed-a77e-249d5cbf370a,1,generic,a2,1f26be02-51ac-5e5e-8acd-41e68b413b1d,4c4820a1-a1f1-54ed-a77e-249d5cbf370a,indomain_banded,yc,Good Fit,1,
1f26be02-51ac-5e5e-8acd-41e68b413b1d__fa137fb9-c77f-54cf-9311-e9f62a010a9c,1,generic,a2,1f26be02-51ac-5e5e-8acd-41e68b413b1d,fa137fb9-c77f-54cf-9311-e9f62a010a9c,indomain_banded,yc,No Fit,0,
1f26be02-51ac-5e5e-8acd-41e68b413b1d__3cde4a6d-6c32-5ec3-ad0f-671a03f91f32,1,generic,a2,1f26be02-51ac-5e5e-8acd-41e68b413b1d,3cde4a6d-6c32-5ec3-ad0f-671a03f91f32,indomain_banded,yc,No Fit,0,
1f26be02-51ac-5e5e-8acd-41e68b413b1d__8a27f5de-9ecd-5f0f-9aed-b34accfa8b08,1,generic,a2,1f26be02-51ac-5e5e-8acd-41e68b413b1d,8a27f5de-9ecd-5f0f-9aed-b34accfa8b08,indomain_banded,yc,Good Fit,0,
1f26be02-51ac-5e5e-8acd-41e68b413b1d__bb4ca42f-7800-50b5-8f11-be111802e681,1,generic,a2,1f26be02-51ac-5e5e-8acd-41e68b413b1d,bb4ca42f-7800-50b5-8f11-be111802e681,indomain_banded,yc,Potential Fit,0,
1f26be02-51ac-5e5e-8acd-41e68b413b1d__cd4abc7b-a9b9-5fa8-a6b7-46c4df90828e,1,generic,a2,1f26be02-51ac-5e5e-8acd-41e68b413b1d,cd4abc7b-a9b9-5fa8-a6b7-46c4df90828e,indomain_banded,yc,Potential Fit,0,
5d6212b4-0afe-56eb-a0a2-813955140467__2ef029b9-a564-56b7-8bac-1f6785afe75c,1,generic,a2,5d6212b4-0afe-56eb-a0a2-813955140467,2ef029b9-a564-56b7-8bac-1f6785afe75c,indomain_banded,yc,No Fit,0,
5d6212b4-0afe-56eb-a0a2-813955140467__16c9d96d-617d-5137-af6d-887d2f333f0a,1,generic,a2,5d6212b4-0afe-56eb-a0a2-813955140467,16c9d96d-617d-5137-af6d-887d2f333f0a,indomain_banded,yc,Potential Fit,0,
5d6212b4-0afe-56eb-a0a2-813955140467__00e44be7-6318-5be8-8bd8-24e81c1a471b,1,generic,a2,5d6212b4-0afe-56eb-a0a2-813955140467,00e44be7-6318-5be8-8bd8-24e81c1a471b,indomain_banded,yc,No Fit,0,
5d6212b4-0afe-56eb-a0a2-813955140467__26097e81-21b1-5876-acbf-3b0ccf3b521d,1,generic,a2,5d6212b4-0afe-56eb-a0a2-813955140467,26097e81-21b1-5876-acbf-3b0ccf3b521d,indomain_banded,yc,Potential Fit,0,
5d6212b4-0afe-56eb-a0a2-813955140467__86276482-7505-5eb1-8361-9017e8f16595,1,generic,a2,5d6212b4-0afe-56eb-a0a2-813955140467,86276482-7505-5eb1-8361-9017e8f16595,indomain_banded,yc,Good Fit,1,
5d6212b4-0afe-56eb-a0a2-813955140467__dfb9e653-2d1e-5785-940d-b868d0539821,1,generic,a2,5d6212b4-0afe-56eb-a0a2-813955140467,dfb9e653-2d1e-5785-940d-b868d0539821,indomain_banded,yc,Potential Fit,0,
5d6212b4-0afe-56eb-a0a2-813955140467__24a5ced0-6670-5912-8382-278730686eb4,1,generic,a2,5d6212b4-0afe-56eb-a0a2-813955140467,24a5ced0-6670-5912-8382-278730686eb4,indomain_banded,yc,Potential Fit,0,
5d6212b4-0afe-56eb-a0a2-813955140467__1ba10038-c01c-535d-91d6-1cbcac3c756d,1,generic,a2,5d6212b4-0afe-56eb-a0a2-813955140467,1ba10038-c01c-535d-91d6-1cbcac3c756d,indomain_banded,yc,Potential Fit,0,
5d6212b4-0afe-56eb-a0a2-813955140467__d3d6ab64-bdb7-5b7f-a1be-ae066284dcaf,1,generic,a2,5d6212b4-0afe-56eb-a0a2-813955140467,d3d6ab64-bdb7-5b7f-a1be-ae066284dcaf,indomain_banded,yc,No Fit,0,
5d6212b4-0afe-56eb-a0a2-813955140467__23ae8684-ebb9-500c-a1f0-ce5c0505e9f8,1,generic,a2,5d6212b4-0afe-56eb-a0a2-813955140467,23ae8684-ebb9-500c-a1f0-ce5c0505e9f8,indomain_banded,yc,No Fit,0,
76890a89-5a6a-59d0-802f-79db17b3cfad__259d592a-fdf0-5559-a95f-f18ecfe2af02,1,generic,a2,76890a89-5a6a-59d0-802f-79db17b3cfad,259d592a-fdf0-5559-a95f-f18ecfe2af02,indomain_banded,yc,Good Fit,0,
76890a89-5a6a-59d0-802f-79db17b3cfad__0d041290-7c43-56ef-bcb5-0bde8390f2ca,1,generic,a2,76890a89-5a6a-59d0-802f-79db17b3cfad,0d041290-7c43-56ef-bcb5-0bde8390f2ca,indomain_banded,yc,Potential Fit,0,
76890a89-5a6a-59d0-802f-79db17b3cfad__f74ffc30-b3ee-54c8-8c21-53b02582e377,1,generic,a2,76890a89-5a6a-59d0-802f-79db17b3cfad,f74ffc30-b3ee-54c8-8c21-53b02582e377,indomain_banded,yc,Good Fit,0,
76890a89-5a6a-59d0-802f-79db17b3cfad__34dff99d-2a2d-5d42-8b04-1f0707b5bc6f,1,generic,a2,76890a89-5a6a-59d0-802f-79db17b3cfad,34dff99d-2a2d-5d42-8b04-1f0707b5bc6f,indomain_banded,yc,No Fit,0,
76890a89-5a6a-59d0-802f-79db17b3cfad__4a540a6f-5c8c-5b94-bd38-bdb6f3babe5b,1,generic,a2,76890a89-5a6a-59d0-802f-79db17b3cfad,4a540a6f-5c8c-5b94-bd38-bdb6f3babe5b,indomain_banded,yc,Good Fit,1,
76890a89-5a6a-59d0-802f-79db17b3cfad__aa41f1e8-137c-546d-a42f-a992a4be8d77,1,generic,a2,76890a89-5a6a-59d0-802f-79db17b3cfad,aa41f1e8-137c-546d-a42f-a992a4be8d77,indomain_banded,yc,Potential Fit,0,
76890a89-5a6a-59d0-802f-79db17b3cfad__021a1cc6-0481-5334-a15b-4a1fa0acca1d,1,generic,a2,76890a89-5a6a-59d0-802f-79db17b3cfad,021a1cc6-0481-5334-a15b-4a1fa0acca1d,indomain_banded,yc,Good Fit,0,
76890a89-5a6a-59d0-802f-79db17b3cfad__da5bc547-917d-5a6e-b66b-911386c3cd15,1,generic,a2,76890a89-5a6a-59d0-802f-79db17b3cfad,da5bc547-917d-5a6e-b66b-911386c3cd15,indomain_banded,yc,Potential Fit,0,
76890a89-5a6a-59d0-802f-79db17b3cfad__91549df1-f01a-5835-b77f-b4a2c8edfe48,1,generic,a2,76890a89-5a6a-59d0-802f-79db17b3cfad,91549df1-f01a-5835-b77f-b4a2c8edfe48,indomain_banded,yc,No Fit,0,
76890a89-5a6a-59d0-802f-79db17b3cfad__d966166a-3aac-55cb-99e5-24799ea0df38,1,generic,a2,76890a89-5a6a-59d0-802f-79db17b3cfad,d966166a-3aac-55cb-99e5-24799ea0df38,indomain_banded,yc,No Fit,0,
ba343927-2814-5eb7-b056-ba7bb00a9156__18911562-0180-52af-ba83-f5aa0a93884c,1,generic,a2,ba343927-2814-5eb7-b056-ba7bb00a9156,18911562-0180-52af-ba83-f5aa0a93884c,indomain_banded,yc,Potential Fit,1,
ba343927-2814-5eb7-b056-ba7bb00a9156__3689e151-a5b2-5880-9ecb-85e002a8fccd,1,generic,a2,ba343927-2814-5eb7-b056-ba7bb00a9156,3689e151-a5b2-5880-9ecb-85e002a8fccd,indomain_banded,yc,Potential Fit,0,
ba343927-2814-5eb7-b056-ba7bb00a9156__a111aaab-5433-500f-a136-48ab409bd036,1,generic,a2,ba343927-2814-5eb7-b056-ba7bb00a9156,a111aaab-5433-500f-a136-48ab409bd036,indomain_banded,yc,No Fit,0,
ba343927-2814-5eb7-b056-ba7bb00a9156__cd440589-9c76-567a-9fdc-00857832bde3,1,generic,a2,ba343927-2814-5eb7-b056-ba7bb00a9156,cd440589-9c76-567a-9fdc-00857832bde3,indomain_banded,yc,Potential Fit,0,
ba343927-2814-5eb7-b056-ba7bb00a9156__e517c3bb-784c-5052-bfc9-536cb7eaca1d,1,generic,a2,ba343927-2814-5eb7-b056-ba7bb00a9156,e517c3bb-784c-5052-bfc9-536cb7eaca1d,indomain_banded,yc,Potential Fit,0,
ba343927-2814-5eb7-b056-ba7bb00a9156__109d93b4-b388-50c5-af64-1335ad0c6b33,1,generic,a2,ba343927-2814-5eb7-b056-ba7bb00a9156,109d93b4-b388-50c5-af64-1335ad0c6b33,indomain_banded,yc,Potential Fit,0,
ba343927-2814-5eb7-b056-ba7bb00a9156__e36ac282-9a53-59b4-9e22-bdfffdf889e9,1,generic,a2,ba343927-2814-5eb7-b056-ba7bb00a9156,e36ac282-9a53-59b4-9e22-bdfffdf889e9,indomain_banded,yc,Potential Fit,0,
ba343927-2814-5eb7-b056-ba7bb00a9156__d9c9dd48-138b-576c-aa70-d51a5a9d6249,1,generic,a2,ba343927-2814-5eb7-b056-ba7bb00a9156,d9c9dd48-138b-576c-aa70-d51a5a9d6249,indomain_banded,yc,Potential Fit,0,
ba343927-2814-5eb7-b056-ba7bb00a9156__fe427543-2071-5a8a-8b8f-521f9ceae2a2,1,generic,a2,ba343927-2814-5eb7-b056-ba7bb00a9156,fe427543-2071-5a8a-8b8f-521f9ceae2a2,indomain_banded,yc,Potential Fit,0,
ba343927-2814-5eb7-b056-ba7bb00a9156__00d2b67c-2e91-52e4-bf10-3b038f34da30,1,generic,a2,ba343927-2814-5eb7-b056-ba7bb00a9156,00d2b67c-2e91-52e4-bf10-3b038f34da30,indomain_banded,yc,No Fit,0,
bedaf677-a731-56e8-bf2a-30e09c8dff58__2d346185-0004-54cf-a7cd-7a86c84d3bc7,1,generic,a2,bedaf677-a731-56e8-bf2a-30e09c8dff58,2d346185-0004-54cf-a7cd-7a86c84d3bc7,indomain_banded,yc,No Fit,0,
bedaf677-a731-56e8-bf2a-30e09c8dff58__115c329b-6639-5ea4-b285-8fed24dbaf97,1,generic,a2,bedaf677-a731-56e8-bf2a-30e09c8dff58,115c329b-6639-5ea4-b285-8fed24dbaf97,indomain_banded,yc,No Fit,0,
bedaf677-a731-56e8-bf2a-30e09c8dff58__a3888d5c-d42c-5173-b2d7-23d7483ad881,1,generic,a2,bedaf677-a731-56e8-bf2a-30e09c8dff58,a3888d5c-d42c-5173-b2d7-23d7483ad881,indomain_banded,yc,No Fit,0,
bedaf677-a731-56e8-bf2a-30e09c8dff58__a6c1db10-3ee9-57ab-9221-980bbbd12fbf,1,generic,a2,bedaf677-a731-56e8-bf2a-30e09c8dff58,a6c1db10-3ee9-57ab-9221-980bbbd12fbf,indomain_banded,yc,No Fit,0,
bedaf677-a731-56e8-bf2a-30e09c8dff58__838c819a-c24c-522c-a27b-b274a1752358,1,generic,a2,bedaf677-a731-56e8-bf2a-30e09c8dff58,838c819a-c24c-522c-a27b-b274a1752358,indomain_banded,yc,Potential Fit,1,
bedaf677-a731-56e8-bf2a-30e09c8dff58__531e263d-5d87-5135-97dc-358931505d29,1,generic,a2,bedaf677-a731-56e8-bf2a-30e09c8dff58,531e263d-5d87-5135-97dc-358931505d29,indomain_banded,yc,No Fit,0,
bedaf677-a731-56e8-bf2a-30e09c8dff58__c76dae81-7a70-5408-9fad-df8f3125f919,1,generic,a2,bedaf677-a731-56e8-bf2a-30e09c8dff58,c76dae81-7a70-5408-9fad-df8f3125f919,indomain_banded,yc,No Fit,0,
bedaf677-a731-56e8-bf2a-30e09c8dff58__2682b655-d94b-57b9-84fb-d3aa94510343,1,generic,a2,bedaf677-a731-56e8-bf2a-30e09c8dff58,2682b655-d94b-57b9-84fb-d3aa94510343,indomain_banded,yc,No Fit,0,
bedaf677-a731-56e8-bf2a-30e09c8dff58__85e228ee-508b-5707-8579-83bc82515f47,1,generic,a2,bedaf677-a731-56e8-bf2a-30e09c8dff58,85e228ee-508b-5707-8579-83bc82515f47,indomain_banded,yc,No Fit,0,
bedaf677-a731-56e8-bf2a-30e09c8dff58__ac71c182-e8b9-5001-ab62-42a827e64b1b,1,generic,a2,bedaf677-a731-56e8-bf2a-30e09c8dff58,ac71c182-e8b9-5001-ab62-42a827e64b1b,indomain_banded,yc,No Fit,0,
e9cd4e0d-1104-5954-b7b7-cef596d5a5ae__22145491-8b35-55c1-bf85-d5ca7d75458d,1,generic,a2,e9cd4e0d-1104-5954-b7b7-cef596d5a5ae,22145491-8b35-55c1-bf85-d5ca7d75458d,indomain_banded,yc,No Fit,0,
e9cd4e0d-1104-5954-b7b7-cef596d5a5ae__800417ab-e081-5b35-9709-ee3370e8b032,1,generic,a2,e9cd4e0d-1104-5954-b7b7-cef596d5a5ae,800417ab-e081-5b35-9709-ee3370e8b032,indomain_banded,yc,No Fit,0,
e9cd4e0d-1104-5954-b7b7-cef596d5a5ae__53fcccc4-4f70-5ef6-955f-c54285766934,1,generic,a2,e9cd4e0d-1104-5954-b7b7-cef596d5a5ae,53fcccc4-4f70-5ef6-955f-c54285766934,indomain_banded,yc,No Fit,0,
e9cd4e0d-1104-5954-b7b7-cef596d5a5ae__60cad7d6-c0e6-5ad0-9166-660b70bb0b6c,1,generic,a2,e9cd4e0d-1104-5954-b7b7-cef596d5a5ae,60cad7d6-c0e6-5ad0-9166-660b70bb0b6c,indomain_banded,yc,No Fit,0,
e9cd4e0d-1104-5954-b7b7-cef596d5a5ae__65de8b73-1f47-503d-8d6b-74999467c5a2,1,generic,a2,e9cd4e0d-1104-5954-b7b7-cef596d5a5ae,65de8b73-1f47-503d-8d6b-74999467c5a2,indomain_banded,yc,No Fit,0,
e9cd4e0d-1104-5954-b7b7-cef596d5a5ae__7896a6e0-53f7-5b6f-b245-5c7f55d17b67,1,generic,a2,e9cd4e0d-1104-5954-b7b7-cef596d5a5ae,7896a6e0-53f7-5b6f-b245-5c7f55d17b67,indomain_banded,yc,No Fit,0,
e9cd4e0d-1104-5954-b7b7-cef596d5a5ae__f2c437dd-3cba-56dd-8607-37f7bb346833,1,generic,a2,e9cd4e0d-1104-5954-b7b7-cef596d5a5ae,f2c437dd-3cba-56dd-8607-37f7bb346833,indomain_banded,yc,No Fit,0,
e9cd4e0d-1104-5954-b7b7-cef596d5a5ae__419f00bf-896a-537c-99ee-1f7d08547108,1,generic,a2,e9cd4e0d-1104-5954-b7b7-cef596d5a5ae,419f00bf-896a-537c-99ee-1f7d08547108,indomain_banded,yc,No Fit,0,
e9cd4e0d-1104-5954-b7b7-cef596d5a5ae__751ef1b9-fba5-570b-9ebe-91b4266fa1f6,1,generic,a2,e9cd4e0d-1104-5954-b7b7-cef596d5a5ae,751ef1b9-fba5-570b-9ebe-91b4266fa1f6,indomain_banded,yc,No Fit,0,
e9cd4e0d-1104-5954-b7b7-cef596d5a5ae__6b46051c-6c6d-5f6c-aab2-f54d8b513dfb,1,generic,a2,e9cd4e0d-1104-5954-b7b7-cef596d5a5ae,6b46051c-6c6d-5f6c-aab2-f54d8b513dfb,indomain_banded,yc,No Fit,0,
00909f22-605e-5904-a53b-ec1b9b38d54f__c4a659c3-0795-5fc6-a8be-9bc4d5fc6843,1,generic,a2,00909f22-605e-5904-a53b-ec1b9b38d54f,c4a659c3-0795-5fc6-a8be-9bc4d5fc6843,indomain_banded,yc,Good Fit,0,
00909f22-605e-5904-a53b-ec1b9b38d54f__77511334-1b80-5212-985c-728eeb171661,1,generic,a2,00909f22-605e-5904-a53b-ec1b9b38d54f,77511334-1b80-5212-985c-728eeb171661,indomain_banded,yc,No Fit,0,
00909f22-605e-5904-a53b-ec1b9b38d54f__4684da90-e54a-5a8e-87c7-adeb92f49a68,1,generic,a2,00909f22-605e-5904-a53b-ec1b9b38d54f,4684da90-e54a-5a8e-87c7-adeb92f49a68,indomain_banded,yc,No Fit,0,
00909f22-605e-5904-a53b-ec1b9b38d54f__11d652b8-a3db-5fb7-951b-d820fa655137,1,generic,a2,00909f22-605e-5904-a53b-ec1b9b38d54f,11d652b8-a3db-5fb7-951b-d820fa655137,indomain_banded,yc,No Fit,0,
00909f22-605e-5904-a53b-ec1b9b38d54f__99ba1fb9-c99c-5abd-adb7-7557618a963a,1,generic,a2,00909f22-605e-5904-a53b-ec1b9b38d54f,99ba1fb9-c99c-5abd-adb7-7557618a963a,indomain_banded,yc,Good Fit,0,
00909f22-605e-5904-a53b-ec1b9b38d54f__fac01145-d48a-5add-9b8e-2d4305f3738e,1,generic,a2,00909f22-605e-5904-a53b-ec1b9b38d54f,fac01145-d48a-5add-9b8e-2d4305f3738e,indomain_banded,yc,Good Fit,0,
00909f22-605e-5904-a53b-ec1b9b38d54f__936b2b71-90da-56dc-995a-012394733f14,1,generic,a2,00909f22-605e-5904-a53b-ec1b9b38d54f,936b2b71-90da-56dc-995a-012394733f14,indomain_banded,yc,Good Fit,1,
00909f22-605e-5904-a53b-ec1b9b38d54f__c2a36050-0ed3-5890-b9e8-6d8535368347,1,generic,a2,00909f22-605e-5904-a53b-ec1b9b38d54f,c2a36050-0ed3-5890-b9e8-6d8535368347,indomain_banded,yc,Good Fit,0,
00909f22-605e-5904-a53b-ec1b9b38d54f__0b5fa2b0-4c1a-59be-97fc-87815830ea6f,1,generic,a2,00909f22-605e-5904-a53b-ec1b9b38d54f,0b5fa2b0-4c1a-59be-97fc-87815830ea6f,indomain_banded,yc,Good Fit,0,
00909f22-605e-5904-a53b-ec1b9b38d54f__862837a5-e8ea-5e92-8c81-9b67d8bb84e6,1,generic,a2,00909f22-605e-5904-a53b-ec1b9b38d54f,862837a5-e8ea-5e92-8c81-9b67d8bb84e6,indomain_banded,yc,Good Fit,0,
j_8e2f16d04a9d__r_b635334c254b,0,a1_recheck,a1,j_8e2f16d04a9d,r_b635334c254b,a1_recheck,yc,Potential Fit,0,
j_8e2f16d04a9d__r_e741e1ca6ee8,0,a1_recheck,a1,j_8e2f16d04a9d,r_e741e1ca6ee8,a1_recheck,yc,No Fit,0,
j_8eec52da017e__r_e33097f84003,0,a1_recheck,a1,j_8eec52da017e,r_e33097f84003,a1_recheck,yc,Good Fit,0,
j_9760bd8603a4__r_bb69b1791fee,0,a1_recheck,a1,j_9760bd8603a4,r_bb69b1791fee,a1_recheck,yc,No Fit,0,
j_39e6a4ffe7ea__r_708f5eca7774,0,a1_recheck,a1,j_39e6a4ffe7ea,r_708f5eca7774,a1_recheck,yc,No Fit,0,
j_39e6a4ffe7ea__r_cfef6a354732,0,a1_recheck,a1,j_39e6a4ffe7ea,r_cfef6a354732,a1_recheck,yc,No Fit,0,
j_4bcf35a89cde__r_26081eac0636,0,a1_recheck,a1,j_4bcf35a89cde,r_26081eac0636,a1_recheck,yc,No Fit,0,
j_b85987227b04__r_ca7ba98f2447,0,a1_recheck,a1,j_b85987227b04,r_ca7ba98f2447,a1_recheck,yc,No Fit,0,
j_6057b152b402__r_9a1f6ae662f5,0,a1_recheck,a1,j_6057b152b402,r_9a1f6ae662f5,a1_recheck,yc,Potential Fit,0,
j_6057b152b402__r_a79ee88e30ff,0,a1_recheck,a1,j_6057b152b402,r_a79ee88e30ff,a1_recheck,yc,Good Fit,0,
j_ab265623439d__r_5351c9fe242e,0,a1_recheck,a1,j_ab265623439d,r_5351c9fe242e,a1_recheck,yc,No Fit,0,
j_ab265623439d__r_395325f99dd5,0,a1_recheck,a1,j_ab265623439d,r_395325f99dd5,a1_recheck,yc,No Fit,0,
j_ab265623439d__r_d157d1698e99,0,a1_recheck,a1,j_ab265623439d,r_d157d1698e99,a1_recheck,yc,No Fit,0,
j_2aca137d8852__r_3e706bc3f2ad,0,a1_recheck,a1,j_2aca137d8852,r_3e706bc3f2ad,a1_recheck,yc,No Fit,0,
j_afad5d1e324c__r_fc38879ecf80,0,a1_recheck,a1,j_afad5d1e324c,r_fc38879ecf80,a1_recheck,yc,Good Fit,0,
j_b4459d155af3__r_4f4670a5e744,0,a1_recheck,a1,j_b4459d155af3,r_4f4670a5e744,a1_recheck,yc,Good Fit,0,
4b8d2c54-1699-5ef7-b227-340fb69c8aee__b48e9363-a296-534c-8ca2-b1abe9f8674c,1,generic,a2,4b8d2c54-1699-5ef7-b227-340fb69c8aee,b48e9363-a296-534c-8ca2-b1abe9f8674c,indomain_banded,yc,Good Fit,1,
4b8d2c54-1699-5ef7-b227-340fb69c8aee__0f11f25a-f20b-50c4-8a8d-ac4547eb8a2e,1,generic,a2,4b8d2c54-1699-5ef7-b227-340fb69c8aee,0f11f25a-f20b-50c4-8a8d-ac4547eb8a2e,indomain_banded,yc,No Fit,0,
4b8d2c54-1699-5ef7-b227-340fb69c8aee__38cf1c81-9c38-574b-865f-f6c5d6d95b7b,1,generic,a2,4b8d2c54-1699-5ef7-b227-340fb69c8aee,38cf1c81-9c38-574b-865f-f6c5d6d95b7b,indomain_banded,yc,No Fit,0,
4b8d2c54-1699-5ef7-b227-340fb69c8aee__043dbc58-24fb-58fe-969e-b8dc5edf6057,1,generic,a2,4b8d2c54-1699-5ef7-b227-340fb69c8aee,043dbc58-24fb-58fe-969e-b8dc5edf6057,indomain_banded,yc,Good Fit,0,
4b8d2c54-1699-5ef7-b227-340fb69c8aee__8bb84309-4436-571f-9ffb-f9b51c60ffd5,1,generic,a2,4b8d2c54-1699-5ef7-b227-340fb69c8aee,8bb84309-4436-571f-9ffb-f9b51c60ffd5,indomain_banded,yc,Potential Fit,0,
4b8d2c54-1699-5ef7-b227-340fb69c8aee__d6ec1fa1-7599-5249-a39b-8048b7ae7f81,1,generic,a2,4b8d2c54-1699-5ef7-b227-340fb69c8aee,d6ec1fa1-7599-5249-a39b-8048b7ae7f81,indomain_banded,yc,Potential Fit,0,
4b8d2c54-1699-5ef7-b227-340fb69c8aee__2c4550e5-9903-50b3-8fcb-21b8cc9dd498,1,generic,a2,4b8d2c54-1699-5ef7-b227-340fb69c8aee,2c4550e5-9903-50b3-8fcb-21b8cc9dd498,indomain_banded,yc,No Fit,0,
4b8d2c54-1699-5ef7-b227-340fb69c8aee__1ad5ccc7-9214-59e3-9fc5-aea76399f35f,1,generic,a2,4b8d2c54-1699-5ef7-b227-340fb69c8aee,1ad5ccc7-9214-59e3-9fc5-aea76399f35f,indomain_banded,yc,Good Fit,0,
4b8d2c54-1699-5ef7-b227-340fb69c8aee__11ebf37b-7150-5b02-855f-7cb2c0201fa6,1,generic,a2,4b8d2c54-1699-5ef7-b227-340fb69c8aee,11ebf37b-7150-5b02-855f-7cb2c0201fa6,indomain_banded,yc,Good Fit,0,
4b8d2c54-1699-5ef7-b227-340fb69c8aee__00694e81-ff07-56c8-8163-162a325b3d1b,1,generic,a2,4b8d2c54-1699-5ef7-b227-340fb69c8aee,00694e81-ff07-56c8-8163-162a325b3d1b,indomain_banded,yc,Potential Fit,0,
eb34811e-627e-5eae-b16b-4c90f7b97162__98932f26-ce6c-5932-88eb-df0720b5e752,1,generic,a2,eb34811e-627e-5eae-b16b-4c90f7b97162,98932f26-ce6c-5932-88eb-df0720b5e752,indomain_banded,yc,Good Fit,1,
eb34811e-627e-5eae-b16b-4c90f7b97162__571a6955-10da-5826-9223-f45db6371b55,1,generic,a2,eb34811e-627e-5eae-b16b-4c90f7b97162,571a6955-10da-5826-9223-f45db6371b55,indomain_banded,yc,Good Fit,0,
eb34811e-627e-5eae-b16b-4c90f7b97162__01df051c-6281-5e68-b6f0-8b984ac2ddc3,1,generic,a2,eb34811e-627e-5eae-b16b-4c90f7b97162,01df051c-6281-5e68-b6f0-8b984ac2ddc3,indomain_banded,yc,Good Fit,0,
eb34811e-627e-5eae-b16b-4c90f7b97162__e3de6473-003f-5a63-b7ee-e4a0415a6dd4,1,generic,a2,eb34811e-627e-5eae-b16b-4c90f7b97162,e3de6473-003f-5a63-b7ee-e4a0415a6dd4,indomain_banded,yc,No Fit,0,
eb34811e-627e-5eae-b16b-4c90f7b97162__7dc97ffe-4aca-55db-a58b-e6856d5e4cac,1,generic,a2,eb34811e-627e-5eae-b16b-4c90f7b97162,7dc97ffe-4aca-55db-a58b-e6856d5e4cac,indomain_banded,yc,Potential Fit,0,
eb34811e-627e-5eae-b16b-4c90f7b97162__bc495dfc-1fc1-5f22-be90-90d1b751e31c,1,generic,a2,eb34811e-627e-5eae-b16b-4c90f7b97162,bc495dfc-1fc1-5f22-be90-90d1b751e31c,indomain_banded,yc,Potential Fit,0,
eb34811e-627e-5eae-b16b-4c90f7b97162__7da7583c-231f-5b23-95cb-d8dcdd6743f8,1,generic,a2,eb34811e-627e-5eae-b16b-4c90f7b97162,7da7583c-231f-5b23-95cb-d8dcdd6743f8,indomain_banded,yc,Good Fit,0,
eb34811e-627e-5eae-b16b-4c90f7b97162__e8074212-f0ad-5709-9f81-bb2c9e13dcaa,1,generic,a2,eb34811e-627e-5eae-b16b-4c90f7b97162,e8074212-f0ad-5709-9f81-bb2c9e13dcaa,indomain_banded,yc,No Fit,0,
eb34811e-627e-5eae-b16b-4c90f7b97162__c52a42b5-b422-51a0-b461-25ae09c24bd4,1,generic,a2,eb34811e-627e-5eae-b16b-4c90f7b97162,c52a42b5-b422-51a0-b461-25ae09c24bd4,indomain_banded,yc,Good Fit,0,
eb34811e-627e-5eae-b16b-4c90f7b97162__eb2f3534-889a-5df2-a7bc-087ebac9e9ae,1,generic,a2,eb34811e-627e-5eae-b16b-4c90f7b97162,eb2f3534-889a-5df2-a7bc-087ebac9e9ae,indomain_banded,yc,Potential Fit,0,
c1c4f634-8132-5705-af1b-0ad83deeb31f__2b063201-a742-5ec0-9089-fb8a0c2761c2,1,generic,a2,c1c4f634-8132-5705-af1b-0ad83deeb31f,2b063201-a742-5ec0-9089-fb8a0c2761c2,indomain_banded,yc,Good Fit,1,
c1c4f634-8132-5705-af1b-0ad83deeb31f__856c3af0-3aed-5f5a-9e90-0136a1ead306,1,generic,a2,c1c4f634-8132-5705-af1b-0ad83deeb31f,856c3af0-3aed-5f5a-9e90-0136a1ead306,indomain_banded,yc,Potential Fit,0,
c1c4f634-8132-5705-af1b-0ad83deeb31f__1ec4fd00-9df3-52eb-9ef3-642024e5d0be,1,generic,a2,c1c4f634-8132-5705-af1b-0ad83deeb31f,1ec4fd00-9df3-52eb-9ef3-642024e5d0be,indomain_banded,yc,No Fit,0,
c1c4f634-8132-5705-af1b-0ad83deeb31f__bec49d1e-8c29-5991-9663-4281418729f8,1,generic,a2,c1c4f634-8132-5705-af1b-0ad83deeb31f,bec49d1e-8c29-5991-9663-4281418729f8,indomain_banded,yc,Potential Fit,0,
c1c4f634-8132-5705-af1b-0ad83deeb31f__432d02bb-6a36-536b-b3bb-b3070d1d3063,1,generic,a2,c1c4f634-8132-5705-af1b-0ad83deeb31f,432d02bb-6a36-536b-b3bb-b3070d1d3063,indomain_banded,yc,Good Fit,0,
c1c4f634-8132-5705-af1b-0ad83deeb31f__319a220f-5609-5beb-b380-c927d8b1ace8,1,generic,a2,c1c4f634-8132-5705-af1b-0ad83deeb31f,319a220f-5609-5beb-b380-c927d8b1ace8,indomain_banded,yc,No Fit,0,
c1c4f634-8132-5705-af1b-0ad83deeb31f__1c07c53a-d2a6-5f10-92cf-eb0d3cd790b7,1,generic,a2,c1c4f634-8132-5705-af1b-0ad83deeb31f,1c07c53a-d2a6-5f10-92cf-eb0d3cd790b7,indomain_banded,yc,Good Fit,0,
c1c4f634-8132-5705-af1b-0ad83deeb31f__999c8852-06fa-51f5-bf3a-5927406b4cf6,1,generic,a2,c1c4f634-8132-5705-af1b-0ad83deeb31f,999c8852-06fa-51f5-bf3a-5927406b4cf6,indomain_banded,yc,Potential Fit,0,
c1c4f634-8132-5705-af1b-0ad83deeb31f__8ba187fd-328a-5f14-bf4a-210342dc40cf,1,generic,a2,c1c4f634-8132-5705-af1b-0ad83deeb31f,8ba187fd-328a-5f14-bf4a-210342dc40cf,indomain_banded,yc,Potential Fit,0,
c1c4f634-8132-5705-af1b-0ad83deeb31f__c19c7a8b-4497-50d5-bb78-76314b5816c3,1,generic,a2,c1c4f634-8132-5705-af1b-0ad83deeb31f,c19c7a8b-4497-50d5-bb78-76314b5816c3,indomain_banded,yc,Potential Fit,0,
eb13616d-1be6-5a9b-bd19-e7e9d27d500a__a0a8b5b1-b482-58ec-b039-860d0b0b46c9,1,generic,a2,eb13616d-1be6-5a9b-bd19-e7e9d27d500a,a0a8b5b1-b482-58ec-b039-860d0b0b46c9,indomain_banded,yc,No Fit,0,
eb13616d-1be6-5a9b-bd19-e7e9d27d500a__1093937a-bfc0-5cb8-a58d-40a6d6fea922,1,generic,a2,eb13616d-1be6-5a9b-bd19-e7e9d27d500a,1093937a-bfc0-5cb8-a58d-40a6d6fea922,indomain_banded,yc,No Fit,0,
eb13616d-1be6-5a9b-bd19-e7e9d27d500a__ab289407-1399-5791-9858-127dbc91d8e4,1,generic,a2,eb13616d-1be6-5a9b-bd19-e7e9d27d500a,ab289407-1399-5791-9858-127dbc91d8e4,indomain_banded,yc,No Fit,0,
eb13616d-1be6-5a9b-bd19-e7e9d27d500a__8b435e93-fbff-5bbf-a858-f2cc355869e1,1,generic,a2,eb13616d-1be6-5a9b-bd19-e7e9d27d500a,8b435e93-fbff-5bbf-a858-f2cc355869e1,indomain_banded,yc,No Fit,0,
eb13616d-1be6-5a9b-bd19-e7e9d27d500a__f7224b08-5c5d-5890-a631-869e00a68abb,1,generic,a2,eb13616d-1be6-5a9b-bd19-e7e9d27d500a,f7224b08-5c5d-5890-a631-869e00a68abb,indomain_banded,yc,No Fit,0,
eb13616d-1be6-5a9b-bd19-e7e9d27d500a__6e8fd565-5bac-5116-bed2-dd616d3b6f46,1,generic,a2,eb13616d-1be6-5a9b-bd19-e7e9d27d500a,6e8fd565-5bac-5116-bed2-dd616d3b6f46,indomain_banded,yc,No Fit,0,
eb13616d-1be6-5a9b-bd19-e7e9d27d500a__138b5d15-0599-5bd3-8a0b-106788133582,1,generic,a2,eb13616d-1be6-5a9b-bd19-e7e9d27d500a,138b5d15-0599-5bd3-8a0b-106788133582,indomain_banded,yc,No Fit,0,
eb13616d-1be6-5a9b-bd19-e7e9d27d500a__934aa88e-06e6-5b7b-9c17-e3720d61c0c7,1,generic,a2,eb13616d-1be6-5a9b-bd19-e7e9d27d500a,934aa88e-06e6-5b7b-9c17-e3720d61c0c7,indomain_banded,yc,Potential Fit,1,
eb13616d-1be6-5a9b-bd19-e7e9d27d500a__cca4d4c6-a85a-5ea0-95d8-3ecfacad88f9,1,generic,a2,eb13616d-1be6-5a9b-bd19-e7e9d27d500a,cca4d4c6-a85a-5ea0-95d8-3ecfacad88f9,indomain_banded,yc,No Fit,0,
eb13616d-1be6-5a9b-bd19-e7e9d27d500a__9b5b5412-1470-5ffc-91d4-95e07742f548,1,generic,a2,eb13616d-1be6-5a9b-bd19-e7e9d27d500a,9b5b5412-1470-5ffc-91d4-95e07742f548,indomain_banded,yc,No Fit,0,
22397d17-9ef9-579d-8c59-5fdb0b631a79__53e90fb4-fbe5-5a6f-8700-4fa1bd298351,1,generic,a2,22397d17-9ef9-579d-8c59-5fdb0b631a79,53e90fb4-fbe5-5a6f-8700-4fa1bd298351,indomain_banded,yc,Potential Fit,0,
22397d17-9ef9-579d-8c59-5fdb0b631a79__e3815ed6-fba2-54c5-a980-86500c3a1d4a,1,generic,a2,22397d17-9ef9-579d-8c59-5fdb0b631a79,e3815ed6-fba2-54c5-a980-86500c3a1d4a,indomain_banded,yc,Potential Fit,0,
22397d17-9ef9-579d-8c59-5fdb0b631a79__abef80c1-16d8-5594-85cb-36b5298bdb08,1,generic,a2,22397d17-9ef9-579d-8c59-5fdb0b631a79,abef80c1-16d8-5594-85cb-36b5298bdb08,indomain_banded,yc,Potential Fit,0,
22397d17-9ef9-579d-8c59-5fdb0b631a79__81177469-68f5-527c-97fb-b69cb3731f43,1,generic,a2,22397d17-9ef9-579d-8c59-5fdb0b631a79,81177469-68f5-527c-97fb-b69cb3731f43,indomain_banded,yc,Potential Fit,0,
22397d17-9ef9-579d-8c59-5fdb0b631a79__5141469d-b6be-5dfd-ba77-175cbd7f400f,1,generic,a2,22397d17-9ef9-579d-8c59-5fdb0b631a79,5141469d-b6be-5dfd-ba77-175cbd7f400f,indomain_banded,yc,Potential Fit,0,
22397d17-9ef9-579d-8c59-5fdb0b631a79__f27b1a78-d782-5c9d-b9f2-bd65e24d02c3,1,generic,a2,22397d17-9ef9-579d-8c59-5fdb0b631a79,f27b1a78-d782-5c9d-b9f2-bd65e24d02c3,indomain_banded,yc,Potential Fit,0,
22397d17-9ef9-579d-8c59-5fdb0b631a79__f35b04d0-4581-564c-a013-d46ade4e5f6d,1,generic,a2,22397d17-9ef9-579d-8c59-5fdb0b631a79,f35b04d0-4581-564c-a013-d46ade4e5f6d,indomain_banded,yc,No Fit,0,
22397d17-9ef9-579d-8c59-5fdb0b631a79__7731ccd3-b1ae-5eb0-9dfb-691712da79d3,1,generic,a2,22397d17-9ef9-579d-8c59-5fdb0b631a79,7731ccd3-b1ae-5eb0-9dfb-691712da79d3,indomain_banded,yc,No Fit,0,
22397d17-9ef9-579d-8c59-5fdb0b631a79__7b69cc3d-8e9e-5a81-be75-a5309fba3d7e,1,generic,a2,22397d17-9ef9-579d-8c59-5fdb0b631a79,7b69cc3d-8e9e-5a81-be75-a5309fba3d7e,indomain_banded,yc,Potential Fit,0,
22397d17-9ef9-579d-8c59-5fdb0b631a79__79b8908c-dfcf-5242-b9f0-88dc3305b8d3,1,generic,a2,22397d17-9ef9-579d-8c59-5fdb0b631a79,79b8908c-dfcf-5242-b9f0-88dc3305b8d3,indomain_banded,yc,Good Fit,1,
94f73ce9-27f4-546b-84b3-afa470b45b2a__9905a086-0963-5076-be7d-658db0422c35,1,generic,a2,94f73ce9-27f4-546b-84b3-afa470b45b2a,9905a086-0963-5076-be7d-658db0422c35,indomain_banded,yc,Potential Fit,0,
94f73ce9-27f4-546b-84b3-afa470b45b2a__cde32b32-32e0-59df-a2b4-2f64d6974a27,1,generic,a2,94f73ce9-27f4-546b-84b3-afa470b45b2a,cde32b32-32e0-59df-a2b4-2f64d6974a27,indomain_banded,yc,No Fit,0,
94f73ce9-27f4-546b-84b3-afa470b45b2a__254305a0-9aa0-531f-8698-aa9d5f36c5d7,1,generic,a2,94f73ce9-27f4-546b-84b3-afa470b45b2a,254305a0-9aa0-531f-8698-aa9d5f36c5d7,indomain_banded,yc,Good Fit,1,
94f73ce9-27f4-546b-84b3-afa470b45b2a__383dd957-914e-51c2-8be0-9eed3401b4cd,1,generic,a2,94f73ce9-27f4-546b-84b3-afa470b45b2a,383dd957-914e-51c2-8be0-9eed3401b4cd,indomain_banded,yc,Good Fit,0,
94f73ce9-27f4-546b-84b3-afa470b45b2a__9474c542-af35-5752-8ba4-57ca9fb6227b,1,generic,a2,94f73ce9-27f4-546b-84b3-afa470b45b2a,9474c542-af35-5752-8ba4-57ca9fb6227b,indomain_banded,yc,Potential Fit,0,
94f73ce9-27f4-546b-84b3-afa470b45b2a__055cf969-9491-5d1e-b3ef-ebba544aecad,1,generic,a2,94f73ce9-27f4-546b-84b3-afa470b45b2a,055cf969-9491-5d1e-b3ef-ebba544aecad,indomain_banded,yc,No Fit,0,
94f73ce9-27f4-546b-84b3-afa470b45b2a__ecd6c8f7-3770-5c20-8d4c-cbc68c1257da,1,generic,a2,94f73ce9-27f4-546b-84b3-afa470b45b2a,ecd6c8f7-3770-5c20-8d4c-cbc68c1257da,indomain_banded,yc,No Fit,0,
94f73ce9-27f4-546b-84b3-afa470b45b2a__4560e90a-8c6c-5d11-85d5-c3274855f788,1,generic,a2,94f73ce9-27f4-546b-84b3-afa470b45b2a,4560e90a-8c6c-5d11-85d5-c3274855f788,indomain_banded,yc,Potential Fit,0,
94f73ce9-27f4-546b-84b3-afa470b45b2a__01da3e11-2ca0-57a6-a9b0-8bd26a86d0ef,1,generic,a2,94f73ce9-27f4-546b-84b3-afa470b45b2a,01da3e11-2ca0-57a6-a9b0-8bd26a86d0ef,indomain_banded,yc,No Fit,0,
94f73ce9-27f4-546b-84b3-afa470b45b2a__632683ff-2c22-58c2-8d41-8f21e688db43,1,generic,a2,94f73ce9-27f4-546b-84b3-afa470b45b2a,632683ff-2c22-58c2-8d41-8f21e688db43,indomain_banded,yc,No Fit,0,
27e9a2d3-80e9-5b3b-be1b-232429e98272__9c6e88c2-895f-5bef-ba23-254a54f9ff33,1,generic,a2,27e9a2d3-80e9-5b3b-be1b-232429e98272,9c6e88c2-895f-5bef-ba23-254a54f9ff33,indomain_banded,yc,No Fit,0,
27e9a2d3-80e9-5b3b-be1b-232429e98272__33d4540e-0cad-5d60-863c-f0156cf286c6,1,generic,a2,27e9a2d3-80e9-5b3b-be1b-232429e98272,33d4540e-0cad-5d60-863c-f0156cf286c6,indomain_banded,yc,Potential Fit,0,
27e9a2d3-80e9-5b3b-be1b-232429e98272__8620d1fd-17d2-5e14-b8f8-b97712e13871,1,generic,a2,27e9a2d3-80e9-5b3b-be1b-232429e98272,8620d1fd-17d2-5e14-b8f8-b97712e13871,indomain_banded,yc,Potential Fit,0,
27e9a2d3-80e9-5b3b-be1b-232429e98272__25296783-e813-5601-86b8-df80798cb4f8,1,generic,a2,27e9a2d3-80e9-5b3b-be1b-232429e98272,25296783-e813-5601-86b8-df80798cb4f8,indomain_banded,yc,Potential Fit,0,
27e9a2d3-80e9-5b3b-be1b-232429e98272__dd1da0fb-1112-5046-af85-1b7b980c6b8c,1,generic,a2,27e9a2d3-80e9-5b3b-be1b-232429e98272,dd1da0fb-1112-5046-af85-1b7b980c6b8c,indomain_banded,yc,Good Fit,1,
27e9a2d3-80e9-5b3b-be1b-232429e98272__c66a95ab-e135-5060-a64c-1e76989b3f80,1,generic,a2,27e9a2d3-80e9-5b3b-be1b-232429e98272,c66a95ab-e135-5060-a64c-1e76989b3f80,indomain_banded,yc,No Fit,0,
27e9a2d3-80e9-5b3b-be1b-232429e98272__da6f4d55-47e8-5af9-bdda-4fbd298bdda9,1,generic,a2,27e9a2d3-80e9-5b3b-be1b-232429e98272,da6f4d55-47e8-5af9-bdda-4fbd298bdda9,indomain_banded,yc,Potential Fit,0,
27e9a2d3-80e9-5b3b-be1b-232429e98272__c2ba747a-b243-53c6-9f93-13c21b861b37,1,generic,a2,27e9a2d3-80e9-5b3b-be1b-232429e98272,c2ba747a-b243-53c6-9f93-13c21b861b37,indomain_banded,yc,Potential Fit,0,
27e9a2d3-80e9-5b3b-be1b-232429e98272__b1a82b12-1aaa-54aa-a4e8-c5757cab55fb,1,generic,a2,27e9a2d3-80e9-5b3b-be1b-232429e98272,b1a82b12-1aaa-54aa-a4e8-c5757cab55fb,indomain_banded,yc,No Fit,0,
27e9a2d3-80e9-5b3b-be1b-232429e98272__136f7851-64c5-597f-9c5c-416c20381756,1,generic,a2,27e9a2d3-80e9-5b3b-be1b-232429e98272,136f7851-64c5-597f-9c5c-416c20381756,indomain_banded,yc,No Fit,0,
2a584887-901e-58f9-8a84-8665a51756c9__524a1c7a-8836-52ab-8995-84d45b48a960,1,generic,a2,2a584887-901e-58f9-8a84-8665a51756c9,524a1c7a-8836-52ab-8995-84d45b48a960,indomain_banded,yc,No Fit,0,
2a584887-901e-58f9-8a84-8665a51756c9__6b53add6-936b-5ab2-88b6-416cec402c5f,1,generic,a2,2a584887-901e-58f9-8a84-8665a51756c9,6b53add6-936b-5ab2-88b6-416cec402c5f,indomain_banded,yc,Potential Fit,0,
2a584887-901e-58f9-8a84-8665a51756c9__0292c37f-4814-5092-8ee7-3a4b1857050c,1,generic,a2,2a584887-901e-58f9-8a84-8665a51756c9,0292c37f-4814-5092-8ee7-3a4b1857050c,indomain_banded,yc,Potential Fit,0,
2a584887-901e-58f9-8a84-8665a51756c9__1bbb9922-7143-5dd3-8bc5-14ebcf3535e5,1,generic,a2,2a584887-901e-58f9-8a84-8665a51756c9,1bbb9922-7143-5dd3-8bc5-14ebcf3535e5,indomain_banded,yc,No Fit,0,
2a584887-901e-58f9-8a84-8665a51756c9__a85c9249-3e5a-5e35-b385-fd6c0c256611,1,generic,a2,2a584887-901e-58f9-8a84-8665a51756c9,a85c9249-3e5a-5e35-b385-fd6c0c256611,indomain_banded,yc,Potential Fit,1,
2a584887-901e-58f9-8a84-8665a51756c9__edf5f12c-6b49-5018-8981-835e1af8f088,1,generic,a2,2a584887-901e-58f9-8a84-8665a51756c9,edf5f12c-6b49-5018-8981-835e1af8f088,indomain_banded,yc,No Fit,0,
2a584887-901e-58f9-8a84-8665a51756c9__d0489049-41e0-554f-bdb5-86008d2b78e0,1,generic,a2,2a584887-901e-58f9-8a84-8665a51756c9,d0489049-41e0-554f-bdb5-86008d2b78e0,indomain_banded,yc,Potential Fit,0,
2a584887-901e-58f9-8a84-8665a51756c9__23c4cccc-81d7-51b4-8e59-44ab04bde71d,1,generic,a2,2a584887-901e-58f9-8a84-8665a51756c9,23c4cccc-81d7-51b4-8e59-44ab04bde71d,indomain_banded,yc,Potential Fit,0,
2a584887-901e-58f9-8a84-8665a51756c9__67f39fa8-f6ce-57f8-8abc-a7c1b8f7aff4,1,generic,a2,2a584887-901e-58f9-8a84-8665a51756c9,67f39fa8-f6ce-57f8-8abc-a7c1b8f7aff4,indomain_banded,yc,Potential Fit,0,
2a584887-901e-58f9-8a84-8665a51756c9__ccebb2eb-76ef-5756-b501-3291a1636eb1,1,generic,a2,2a584887-901e-58f9-8a84-8665a51756c9,ccebb2eb-76ef-5756-b501-3291a1636eb1,indomain_banded,yc,Potential Fit,0,
542c1d55-03ef-59a3-b099-ea6c826fc3da__27c48f67-5206-507e-8a5b-f34054e2075d,1,generic,a2,542c1d55-03ef-59a3-b099-ea6c826fc3da,27c48f67-5206-507e-8a5b-f34054e2075d,indomain_banded,yc,Good Fit,1,
542c1d55-03ef-59a3-b099-ea6c826fc3da__22bbac82-4f0d-5a9f-bcf3-bc35fc328150,1,generic,a2,542c1d55-03ef-59a3-b099-ea6c826fc3da,22bbac82-4f0d-5a9f-bcf3-bc35fc328150,indomain_banded,yc,Potential Fit,0,
542c1d55-03ef-59a3-b099-ea6c826fc3da__91b5fdb2-6870-5ac3-89a2-5ddefd2a9ebc,1,generic,a2,542c1d55-03ef-59a3-b099-ea6c826fc3da,91b5fdb2-6870-5ac3-89a2-5ddefd2a9ebc,indomain_banded,yc,Good Fit,0,
542c1d55-03ef-59a3-b099-ea6c826fc3da__7a6b0a02-4c09-5729-92f1-d22663c60c7f,1,generic,a2,542c1d55-03ef-59a3-b099-ea6c826fc3da,7a6b0a02-4c09-5729-92f1-d22663c60c7f,indomain_banded,yc,Potential Fit,0,
542c1d55-03ef-59a3-b099-ea6c826fc3da__0916066e-ccdd-5909-b378-7740f8e48006,1,generic,a2,542c1d55-03ef-59a3-b099-ea6c826fc3da,0916066e-ccdd-5909-b378-7740f8e48006,indomain_banded,yc,Potential Fit,0,
542c1d55-03ef-59a3-b099-ea6c826fc3da__d607310d-4c64-53dd-8195-300d96710218,1,generic,a2,542c1d55-03ef-59a3-b099-ea6c826fc3da,d607310d-4c64-53dd-8195-300d96710218,indomain_banded,yc,No Fit,0,
542c1d55-03ef-59a3-b099-ea6c826fc3da__8eb3f8ef-26fb-5d81-832b-5f5c9dfb7611,1,generic,a2,542c1d55-03ef-59a3-b099-ea6c826fc3da,8eb3f8ef-26fb-5d81-832b-5f5c9dfb7611,indomain_banded,yc,Potential Fit,0,
542c1d55-03ef-59a3-b099-ea6c826fc3da__236d208b-d8fd-5eea-a32e-eb53ac5210c5,1,generic,a2,542c1d55-03ef-59a3-b099-ea6c826fc3da,236d208b-d8fd-5eea-a32e-eb53ac5210c5,indomain_banded,yc,Potential Fit,0,
542c1d55-03ef-59a3-b099-ea6c826fc3da__298f675d-239c-58a2-ad84-c824be14cd62,1,generic,a2,542c1d55-03ef-59a3-b099-ea6c826fc3da,298f675d-239c-58a2-ad84-c824be14cd62,indomain_banded,yc,No Fit,0,
542c1d55-03ef-59a3-b099-ea6c826fc3da__314931c8-37a1-5a87-9b72-bd0d0513e55d,1,generic,a2,542c1d55-03ef-59a3-b099-ea6c826fc3da,314931c8-37a1-5a87-9b72-bd0d0513e55d,indomain_banded,yc,No Fit,0,
846f2d8b-b721-5258-a3e4-720495320e78__cfeb4920-f241-506a-9718-23e4a8037a4e,1,generic,a2,846f2d8b-b721-5258-a3e4-720495320e78,cfeb4920-f241-506a-9718-23e4a8037a4e,indomain_banded,yc,Good Fit,1,
846f2d8b-b721-5258-a3e4-720495320e78__db861200-6524-5ea4-99e0-081ad801db60,1,generic,a2,846f2d8b-b721-5258-a3e4-720495320e78,db861200-6524-5ea4-99e0-081ad801db60,indomain_banded,yc,Good Fit,0,
846f2d8b-b721-5258-a3e4-720495320e78__4ba34626-98a9-5f87-8656-cb6145ea093f,1,generic,a2,846f2d8b-b721-5258-a3e4-720495320e78,4ba34626-98a9-5f87-8656-cb6145ea093f,indomain_banded,yc,Good Fit,0,
846f2d8b-b721-5258-a3e4-720495320e78__59b89710-06e3-560a-81ee-d3d663759758,1,generic,a2,846f2d8b-b721-5258-a3e4-720495320e78,59b89710-06e3-560a-81ee-d3d663759758,indomain_banded,yc,Good Fit,0,
846f2d8b-b721-5258-a3e4-720495320e78__fac3c719-b829-5934-a5e3-9447587b1012,1,generic,a2,846f2d8b-b721-5258-a3e4-720495320e78,fac3c719-b829-5934-a5e3-9447587b1012,indomain_banded,yc,No Fit,0,
846f2d8b-b721-5258-a3e4-720495320e78__f2cc0a64-4ac4-54f4-bdd9-c42dd1681519,1,generic,a2,846f2d8b-b721-5258-a3e4-720495320e78,f2cc0a64-4ac4-54f4-bdd9-c42dd1681519,indomain_banded,yc,Good Fit,0,
846f2d8b-b721-5258-a3e4-720495320e78__9b261f5c-4411-5cbf-bcad-3a147596f16c,1,generic,a2,846f2d8b-b721-5258-a3e4-720495320e78,9b261f5c-4411-5cbf-bcad-3a147596f16c,indomain_banded,yc,Good Fit,0,
846f2d8b-b721-5258-a3e4-720495320e78__d3a1a42f-dd89-50b1-9319-0eece9bcdcae,1,generic,a2,846f2d8b-b721-5258-a3e4-720495320e78,d3a1a42f-dd89-50b1-9319-0eece9bcdcae,indomain_banded,yc,Good Fit,0,
846f2d8b-b721-5258-a3e4-720495320e78__50ac008f-33b6-5459-bdc6-2f4907e381fb,1,generic,a2,846f2d8b-b721-5258-a3e4-720495320e78,50ac008f-33b6-5459-bdc6-2f4907e381fb,indomain_banded,yc,Good Fit,0,
846f2d8b-b721-5258-a3e4-720495320e78__783c0f1b-d696-5931-a791-f132a31b685c,1,generic,a2,846f2d8b-b721-5258-a3e4-720495320e78,783c0f1b-d696-5931-a791-f132a31b685c,indomain_banded,yc,Good Fit,0,
7a745ba8-00d8-59b8-8e7e-3a45a7f5cc76__a8762459-a7d1-58f8-98db-112f551f4b1f,1,generic,a2,7a745ba8-00d8-59b8-8e7e-3a45a7f5cc76,a8762459-a7d1-58f8-98db-112f551f4b1f,indomain_banded,yc,Potential Fit,0,
7a745ba8-00d8-59b8-8e7e-3a45a7f5cc76__a3b3b297-8317-58fb-808a-6353617bab2a,1,generic,a2,7a745ba8-00d8-59b8-8e7e-3a45a7f5cc76,a3b3b297-8317-58fb-808a-6353617bab2a,indomain_banded,yc,Good Fit,0,
7a745ba8-00d8-59b8-8e7e-3a45a7f5cc76__1b1eb6ba-e6e2-5c70-b995-f9c8d6d999bb,1,generic,a2,7a745ba8-00d8-59b8-8e7e-3a45a7f5cc76,1b1eb6ba-e6e2-5c70-b995-f9c8d6d999bb,indomain_banded,yc,No Fit,0,
7a745ba8-00d8-59b8-8e7e-3a45a7f5cc76__1bb73e8d-52bd-5d16-a188-3f8536e1f24d,1,generic,a2,7a745ba8-00d8-59b8-8e7e-3a45a7f5cc76,1bb73e8d-52bd-5d16-a188-3f8536e1f24d,indomain_banded,yc,Potential Fit,0,
7a745ba8-00d8-59b8-8e7e-3a45a7f5cc76__dbe3cd59-1857-5c97-a622-eff89497e87b,1,generic,a2,7a745ba8-00d8-59b8-8e7e-3a45a7f5cc76,dbe3cd59-1857-5c97-a622-eff89497e87b,indomain_banded,yc,No Fit,0,
7a745ba8-00d8-59b8-8e7e-3a45a7f5cc76__1f6d4217-09c5-5ff1-bfae-80e7922e3c18,1,generic,a2,7a745ba8-00d8-59b8-8e7e-3a45a7f5cc76,1f6d4217-09c5-5ff1-bfae-80e7922e3c18,indomain_banded,yc,Potential Fit,0,
7a745ba8-00d8-59b8-8e7e-3a45a7f5cc76__45331c47-3003-5aee-b4f9-3207bfd9d1ee,1,generic,a2,7a745ba8-00d8-59b8-8e7e-3a45a7f5cc76,45331c47-3003-5aee-b4f9-3207bfd9d1ee,indomain_banded,yc,Good Fit,1,
7a745ba8-00d8-59b8-8e7e-3a45a7f5cc76__2a7b260a-1fb4-53be-9196-10d0e4bdd298,1,generic,a2,7a745ba8-00d8-59b8-8e7e-3a45a7f5cc76,2a7b260a-1fb4-53be-9196-10d0e4bdd298,indomain_banded,yc,Good Fit,0,
7a745ba8-00d8-59b8-8e7e-3a45a7f5cc76__8b78847e-84a4-516e-aa13-6d2bbcbdc96b,1,generic,a2,7a745ba8-00d8-59b8-8e7e-3a45a7f5cc76,8b78847e-84a4-516e-aa13-6d2bbcbdc96b,indomain_banded,yc,Good Fit,0,
7a745ba8-00d8-59b8-8e7e-3a45a7f5cc76__9f02c613-ceaa-50bc-b4b8-0d06d47056bb,1,generic,a2,7a745ba8-00d8-59b8-8e7e-3a45a7f5cc76,9f02c613-ceaa-50bc-b4b8-0d06d47056bb,indomain_banded,yc,No Fit,0,
7ed77b7f-4356-5aa7-9472-16949c00aafb__9938e1a6-2e20-5f32-a79c-141fd509e01f,1,generic,a2,7ed77b7f-4356-5aa7-9472-16949c00aafb,9938e1a6-2e20-5f32-a79c-141fd509e01f,indomain_banded,yc,Good Fit,1,
7ed77b7f-4356-5aa7-9472-16949c00aafb__7eadbc50-8219-514d-b92f-a3fb08bc5f4a,1,generic,a2,7ed77b7f-4356-5aa7-9472-16949c00aafb,7eadbc50-8219-514d-b92f-a3fb08bc5f4a,indomain_banded,yc,No Fit,0,
7ed77b7f-4356-5aa7-9472-16949c00aafb__1e11a0d9-a9b0-5d7a-9d59-6669eeb8a44a,1,generic,a2,7ed77b7f-4356-5aa7-9472-16949c00aafb,1e11a0d9-a9b0-5d7a-9d59-6669eeb8a44a,indomain_banded,yc,Potential Fit,0,
7ed77b7f-4356-5aa7-9472-16949c00aafb__18923514-2019-5b6c-83d8-0ab19541ad92,1,generic,a2,7ed77b7f-4356-5aa7-9472-16949c00aafb,18923514-2019-5b6c-83d8-0ab19541ad92,indomain_banded,yc,No Fit,0,
7ed77b7f-4356-5aa7-9472-16949c00aafb__ea6e7da5-eebb-5d61-8374-1781c29b441b,1,generic,a2,7ed77b7f-4356-5aa7-9472-16949c00aafb,ea6e7da5-eebb-5d61-8374-1781c29b441b,indomain_banded,yc,Potential Fit,0,
7ed77b7f-4356-5aa7-9472-16949c00aafb__1095b1de-d172-569b-ac02-1df8c76dbeea,1,generic,a2,7ed77b7f-4356-5aa7-9472-16949c00aafb,1095b1de-d172-569b-ac02-1df8c76dbeea,indomain_banded,yc,Potential Fit,0,
7ed77b7f-4356-5aa7-9472-16949c00aafb__70d5de6e-b819-57c4-a518-e2130d17ede6,1,generic,a2,7ed77b7f-4356-5aa7-9472-16949c00aafb,70d5de6e-b819-57c4-a518-e2130d17ede6,indomain_banded,yc,No Fit,0,
7ed77b7f-4356-5aa7-9472-16949c00aafb__75a00c43-a33f-5343-9941-b9122118a777,1,generic,a2,7ed77b7f-4356-5aa7-9472-16949c00aafb,75a00c43-a33f-5343-9941-b9122118a777,indomain_banded,yc,No Fit,0,
7ed77b7f-4356-5aa7-9472-16949c00aafb__1675d485-7aa3-5621-9d7b-aaa1097dfa76,1,generic,a2,7ed77b7f-4356-5aa7-9472-16949c00aafb,1675d485-7aa3-5621-9d7b-aaa1097dfa76,indomain_banded,yc,No Fit,0,
7ed77b7f-4356-5aa7-9472-16949c00aafb__05933697-619b-559f-b28b-b8cabfb6a456,1,generic,a2,7ed77b7f-4356-5aa7-9472-16949c00aafb,05933697-619b-559f-b28b-b8cabfb6a456,indomain_banded,yc,No Fit,0,
3c8ad2c1-6595-5e4a-8c02-75503dd4fd53__23944221-e49c-5528-b229-24497428a2d6,1,generic,a2,3c8ad2c1-6595-5e4a-8c02-75503dd4fd53,23944221-e49c-5528-b229-24497428a2d6,indomain_banded,yc,No Fit,0,
3c8ad2c1-6595-5e4a-8c02-75503dd4fd53__260abe2a-3d74-5997-a5f1-57ef63d1899e,1,generic,a2,3c8ad2c1-6595-5e4a-8c02-75503dd4fd53,260abe2a-3d74-5997-a5f1-57ef63d1899e,indomain_banded,yc,No Fit,0,
3c8ad2c1-6595-5e4a-8c02-75503dd4fd53__7a7d9e1a-2c3e-54c8-9f39-b88aeec39917,1,generic,a2,3c8ad2c1-6595-5e4a-8c02-75503dd4fd53,7a7d9e1a-2c3e-54c8-9f39-b88aeec39917,indomain_banded,yc,Good Fit,1,
3c8ad2c1-6595-5e4a-8c02-75503dd4fd53__083eec5e-c91c-5445-8de0-184c6c9297b0,1,generic,a2,3c8ad2c1-6595-5e4a-8c02-75503dd4fd53,083eec5e-c91c-5445-8de0-184c6c9297b0,indomain_banded,yc,No Fit,0,
3c8ad2c1-6595-5e4a-8c02-75503dd4fd53__e79eabb1-1b33-5624-b7a9-9cdc924dec67,1,generic,a2,3c8ad2c1-6595-5e4a-8c02-75503dd4fd53,e79eabb1-1b33-5624-b7a9-9cdc924dec67,indomain_banded,yc,Potential Fit,0,
3c8ad2c1-6595-5e4a-8c02-75503dd4fd53__e41488b1-d27e-58ab-bb1d-ef537f133ecf,1,generic,a2,3c8ad2c1-6595-5e4a-8c02-75503dd4fd53,e41488b1-d27e-58ab-bb1d-ef537f133ecf,indomain_banded,yc,No Fit,0,
3c8ad2c1-6595-5e4a-8c02-75503dd4fd53__6a80bfcb-0b3e-57a1-b723-2e2809fbcf9a,1,generic,a2,3c8ad2c1-6595-5e4a-8c02-75503dd4fd53,6a80bfcb-0b3e-57a1-b723-2e2809fbcf9a,indomain_banded,yc,No Fit,0,
3c8ad2c1-6595-5e4a-8c02-75503dd4fd53__a3bb3bfc-ac50-5907-91fc-bfa93bb8d722,1,generic,a2,3c8ad2c1-6595-5e4a-8c02-75503dd4fd53,a3bb3bfc-ac50-5907-91fc-bfa93bb8d722,indomain_banded,yc,No Fit,0,
3c8ad2c1-6595-5e4a-8c02-75503dd4fd53__e6c86183-c1f8-549a-9c04-d50057051af4,1,generic,a2,3c8ad2c1-6595-5e4a-8c02-75503dd4fd53,e6c86183-c1f8-549a-9c04-d50057051af4,indomain_banded,yc,No Fit,0,
3c8ad2c1-6595-5e4a-8c02-75503dd4fd53__ce8cc4e8-0ff5-512f-917b-7b4006ccaad3,1,generic,a2,3c8ad2c1-6595-5e4a-8c02-75503dd4fd53,ce8cc4e8-0ff5-512f-917b-7b4006ccaad3,indomain_banded,yc,Good Fit,0,
861ed520-1b5f-5cee-9b5c-aa87612c237f__deb09834-1f9c-5070-8d44-d06796c64826,1,generic,a2,861ed520-1b5f-5cee-9b5c-aa87612c237f,deb09834-1f9c-5070-8d44-d06796c64826,indomain_banded,yc,Good Fit,1,
861ed520-1b5f-5cee-9b5c-aa87612c237f__bf8879ee-a6d1-544f-a086-1b3361bff19e,1,generic,a2,861ed520-1b5f-5cee-9b5c-aa87612c237f,bf8879ee-a6d1-544f-a086-1b3361bff19e,indomain_banded,yc,Potential Fit,0,
861ed520-1b5f-5cee-9b5c-aa87612c237f__4e1676e0-762f-55bc-875c-02579d612187,1,generic,a2,861ed520-1b5f-5cee-9b5c-aa87612c237f,4e1676e0-762f-55bc-875c-02579d612187,indomain_banded,yc,No Fit,0,
861ed520-1b5f-5cee-9b5c-aa87612c237f__55801404-ab1b-5a30-8cea-276434fd9cad,1,generic,a2,861ed520-1b5f-5cee-9b5c-aa87612c237f,55801404-ab1b-5a30-8cea-276434fd9cad,indomain_banded,yc,No Fit,0,
861ed520-1b5f-5cee-9b5c-aa87612c237f__29170d58-2655-558a-8779-e85179b4c589,1,generic,a2,861ed520-1b5f-5cee-9b5c-aa87612c237f,29170d58-2655-558a-8779-e85179b4c589,indomain_banded,yc,Potential Fit,0,
861ed520-1b5f-5cee-9b5c-aa87612c237f__f481bbc8-7d80-5e4a-985c-2c216e556a85,1,generic,a2,861ed520-1b5f-5cee-9b5c-aa87612c237f,f481bbc8-7d80-5e4a-985c-2c216e556a85,indomain_banded,yc,Potential Fit,0,
861ed520-1b5f-5cee-9b5c-aa87612c237f__10021134-c7d0-51c9-9f3f-9da25fc63d56,1,generic,a2,861ed520-1b5f-5cee-9b5c-aa87612c237f,10021134-c7d0-51c9-9f3f-9da25fc63d56,indomain_banded,yc,Potential Fit,0,
861ed520-1b5f-5cee-9b5c-aa87612c237f__ae57c944-ccca-51bb-95f9-10b6bcb93787,1,generic,a2,861ed520-1b5f-5cee-9b5c-aa87612c237f,ae57c944-ccca-51bb-95f9-10b6bcb93787,indomain_banded,yc,No Fit,0,
861ed520-1b5f-5cee-9b5c-aa87612c237f__78bc4803-0958-5ada-9cbf-52c153bcdeb8,1,generic,a2,861ed520-1b5f-5cee-9b5c-aa87612c237f,78bc4803-0958-5ada-9cbf-52c153bcdeb8,indomain_banded,yc,Potential Fit,0,
861ed520-1b5f-5cee-9b5c-aa87612c237f__0fdbb527-53f7-5121-a03c-02d3c574b54c,1,generic,a2,861ed520-1b5f-5cee-9b5c-aa87612c237f,0fdbb527-53f7-5121-a03c-02d3c574b54c,indomain_banded,yc,Potential Fit,0,
93ea44b7-06e8-5f73-86c9-fcf12b8afcca__c1ccce27-0177-52bd-bdbe-906289266cf3,1,generic,a2,93ea44b7-06e8-5f73-86c9-fcf12b8afcca,c1ccce27-0177-52bd-bdbe-906289266cf3,indomain_banded,yc,No Fit,0,
93ea44b7-06e8-5f73-86c9-fcf12b8afcca__09601e8f-50e7-5389-9be2-c1736657e870,1,generic,a2,93ea44b7-06e8-5f73-86c9-fcf12b8afcca,09601e8f-50e7-5389-9be2-c1736657e870,indomain_banded,yc,No Fit,0,
93ea44b7-06e8-5f73-86c9-fcf12b8afcca__5be00ea1-3098-587b-8e81-8dff8e559177,1,generic,a2,93ea44b7-06e8-5f73-86c9-fcf12b8afcca,5be00ea1-3098-587b-8e81-8dff8e559177,indomain_banded,yc,No Fit,0,
93ea44b7-06e8-5f73-86c9-fcf12b8afcca__0782979e-c1fa-5d84-9379-1a946fd6d7c2,1,generic,a2,93ea44b7-06e8-5f73-86c9-fcf12b8afcca,0782979e-c1fa-5d84-9379-1a946fd6d7c2,indomain_banded,yc,Potential Fit,0,
93ea44b7-06e8-5f73-86c9-fcf12b8afcca__9448f69d-de41-5c9f-81d7-4bb555372c29,1,generic,a2,93ea44b7-06e8-5f73-86c9-fcf12b8afcca,9448f69d-de41-5c9f-81d7-4bb555372c29,indomain_banded,yc,Good Fit,1,
93ea44b7-06e8-5f73-86c9-fcf12b8afcca__74915d0f-2c31-5b10-b5b3-983d6abaefea,1,generic,a2,93ea44b7-06e8-5f73-86c9-fcf12b8afcca,74915d0f-2c31-5b10-b5b3-983d6abaefea,indomain_banded,yc,No Fit,0,
93ea44b7-06e8-5f73-86c9-fcf12b8afcca__ec9c3d56-86d2-512a-a1b4-f8a5ba7da544,1,generic,a2,93ea44b7-06e8-5f73-86c9-fcf12b8afcca,ec9c3d56-86d2-512a-a1b4-f8a5ba7da544,indomain_banded,yc,Good Fit,0,
93ea44b7-06e8-5f73-86c9-fcf12b8afcca__8d31878b-9a4b-59ea-9bf4-b90ac401645d,1,generic,a2,93ea44b7-06e8-5f73-86c9-fcf12b8afcca,8d31878b-9a4b-59ea-9bf4-b90ac401645d,indomain_banded,yc,Good Fit,0,
93ea44b7-06e8-5f73-86c9-fcf12b8afcca__72c0508d-68ca-524b-bceb-2571e4bb348c,1,generic,a2,93ea44b7-06e8-5f73-86c9-fcf12b8afcca,72c0508d-68ca-524b-bceb-2571e4bb348c,indomain_banded,yc,No Fit,0,
93ea44b7-06e8-5f73-86c9-fcf12b8afcca__df0f75e4-8656-523a-8681-fdca8f581844,1,generic,a2,93ea44b7-06e8-5f73-86c9-fcf12b8afcca,df0f75e4-8656-523a-8681-fdca8f581844,indomain_banded,yc,Potential Fit,0,
j_bc97fb1bdc9d__r_708f5eca7774,0,a1_recheck,a1,j_bc97fb1bdc9d,r_708f5eca7774,a1_recheck,yc,No Fit,0,
j_bc97fb1bdc9d__r_3f37a16fe433,0,a1_recheck,a1,j_bc97fb1bdc9d,r_3f37a16fe433,a1_recheck,yc,Good Fit,0,
j_601b1be28694__r_3e11bbbda486,0,a1_recheck,a1,j_601b1be28694,r_3e11bbbda486,a1_recheck,yc,No Fit,0,
j_601b1be28694__r_5c04e2270625,0,a1_recheck,a1,j_601b1be28694,r_5c04e2270625,a1_recheck,yc,Potential Fit,0,
j_601b1be28694__r_60d5e723d074,0,a1_recheck,a1,j_601b1be28694,r_60d5e723d074,a1_recheck,yc,Good Fit,0,
j_f4f1a1e6c67d__r_d4231a28f017,0,a1_recheck,a1,j_f4f1a1e6c67d,r_d4231a28f017,a1_recheck,yc,No Fit,0,
j_f5e9f3bdbe1e__r_13af6c5b12ae,0,a1_recheck,a1,j_f5e9f3bdbe1e,r_13af6c5b12ae,a1_recheck,yc,No Fit,0,
j_f5e9f3bdbe1e__r_576a62182bc4,0,a1_recheck,a1,j_f5e9f3bdbe1e,r_576a62182bc4,a1_recheck,yc,No Fit,0,
j_9114d6480e8e__r_e741e1ca6ee8,0,a1_recheck,a1,j_9114d6480e8e,r_e741e1ca6ee8,a1_recheck,yc,No Fit,0,
